lor_nr,lor_name,bezirk,prognoseraum,bezirksregion,wert,rang,schicht,dezwert,kind_wand,arb_los,alg_eins,hartz4,jug_hartz4,grundsich,alt_arm,,fruehtod,raucher_krebs,,,
01011101,Stülerstr.,Mitte,Zentrum,Tiergarten Süd,"0,7479",108,2,"25,9","0,00","7,32","1,83","5,49","2,36","0,49","4,74",,"0,038","0,026",,,
01011102,Großer Tiergarten,Mitte,Zentrum,Tiergarten Süd,x,x,x,x,x,x,x,x,x,x,x,,x,x,,,
01011103,Lützowstr.,Mitte,Zentrum,Tiergarten Süd,"-0,6011",303,6,"72,7","-2,17","13,23","1,37","11,87","7,47","0,87","10,98",,"0,137","0,037",,,
01011104,Körnerstr.,Mitte,Zentrum,Tiergarten Süd,"-1,2202",365,7,"87,5","1,15","14,67","1,23","13,43","6,39","0,79","21,58",,"0,088","0,035",,,
01011105,Nördl. Landwehrkanal,Mitte,Zentrum,Regierungsviertel,x,x,x,x,x,x,x,x,x,x,x,,x,x,,,
01011201,Wilhelmstr.,Mitte,Zentrum,Regierungsviertel,"0,8484",98,2,"23,5","-2,02","6,37","2,12","4,25","3,10","0,31","2,24",,"0,046","0,009",,,
01011202,Unter den Linden Nord,Mitte,Zentrum,Regierungsviertel,x,x,x,x,x,x,x,x,x,x,x,,x,x,,,
01011203,Unter den Linden Süd,Mitte,Zentrum,Regierungsviertel,x,x,x,x,x,x,x,x,x,x,x,,x,x,,,
01011204,Leipziger Str.,Mitte,Zentrum,Regierungsviertel,"0,7519",107,2,"25,7","-1,71","7,05","2,29","4,76","2,92","0,41","2,91",,"0,059","0,026",,,
01011301,Charitéviertel,Mitte,Zentrum,Alexanderplatz,"0,6838",117,2,"28,1","-17,19","5,43","2,03","3,40","3,19","0,44","1,81",,"0,040","0,038",,,
01011302,Oranienburger Str.,Mitte,Zentrum,Alexanderplatz,"0,2320",187,4,"44,8","-6,02","8,00","1,92","6,07","4,22","0,40","3,98",,"0,064","0,047",,,
01011303,Alexanderplatzviertel,Mitte,Zentrum,Alexanderplatz,"0,1738",195,4,"46,8","-5,26","10,19","2,47","7,72","2,98","0,68","2,91",,"0,073","0,029",,,
01011304,Karl-Marx-Allee,Mitte,Zentrum,Alexanderplatz,"0,2089",189,4,"45,3","4,63","10,17","2,28","7,89","3,99","0,46","1,27",,"0,070","0,042",,,
01011305,Heine-Viertel West,Mitte,Zentrum,Alexanderplatz,"0,4737",140,3,"33,6","3,81","9,02","2,40","6,62","3,46","0,43","1,29",,"0,049","0,028",,,
01011306,Heine-Viertel Ost,Mitte,Zentrum,Alexanderplatz,"0,2847",177,3,"42,4","-6,21","9,45","2,52","6,94","4,48","0,36","1,26",,"0,075","0,030",,,
01011401,Invalidenstr.,Mitte,Zentrum,Brunnenstr. Süd,"0,1781",194,4,"46,5","1,75","8,06","2,13","5,93","4,36","0,23","4,29",,"0,095","0,047",,,
01011402,Arkonaplatz,Mitte,Zentrum,Brunnenstr. Süd,"0,4298",150,3,"36,0","-3,09","6,83","1,96","4,87","3,38","0,29","5,25",,"0,069","0,036",,,
01022101,Huttenkiez,Mitte,Moabit,Moabit West,"-1,6625",388,7,"93,0","-11,11","20,08","2,16","17,92","11,27","0,56","10,69",,"0,157","0,040",,,
01022102,Beusselkiez,Mitte,Moabit,Moabit West,"-1,8541",396,7,"95,0","-9,89","20,67","2,08","18,59","10,85","0,81","10,86",,"0,100","0,030",,,
01022103,Westhafen,Mitte,Moabit,Moabit West,x,x,x,x,x,x,x,x,x,x,x,,x,x,,,
01022104,Emdener Str.,Mitte,Moabit,Moabit West,"-1,0350",353,6,"84,7","-3,91","15,91","2,30","13,60","7,92","0,86","10,70",,"0,082","0,042",,, 
01022105,Zwinglistr.,Mitte,Moabit,Moabit West,"-1,6187",385,7,"92,3","-1,27","18,40","1,48","16,92","10,98","0,77","13,33",,"0,076","0,049",,,
01022106,Elberfelder Str.,Mitte,Moabit,Moabit West,"0,1304",200,4,"48,0","-1,58","10,46","2,20","8,26","5,76","0,49","5,34",,"0,073","0,036",,,
01022201,Stephankiez,Mitte,Moabit,Moabit Ost,"-1,1257",359,7,"86,1","-8,29","16,29","2,17","14,12","9,10","0,72","11,44",,"0,078","0,031",,,
01022202,Heidestr.,Mitte,Moabit,Moabit Ost,"-2,1006",409,7,"98,1","-0,86","19,57","2,04","17,53","12,62","2,32","13,33",,"0,137","0,022",,,
01022203,Lübecker Str.,Mitte,Moabit,Moabit Ost,"-1,5865",383,7,"91,8","-10,49","18,58","2,28","16,29","10,39","0,97","14,25",,"0,076","0,035",,,
01022204,Thomasiusstr.,Mitte,Moabit,Moabit Ost,"-0,1477",244,5,"58,5","1,74","12,01","2,08","9,93","5,96","0,79","8,02",,"0,061","0,044",,,
01022205,Zillesiedlung,Mitte,Moabit,Moabit Ost,"-1,3302",372,7,"89,2","6,78","14,80","2,57","12,23","6,51","2,28","16,28",,"0,079","0,027",,,
01022206,Lüneburger Str.,Mitte,Moabit,Moabit Ost,"-0,2119",255,5,"61,2","-1,41","11,77","2,86","8,91","6,21","0,61","7,67",,"0,082","0,042",,,
01022207,Hansaviertel,Mitte,Moabit,Moabit Ost,"0,5248",133,3,"31,9","-5,53","7,23","1,60","5,63","1,81","0,36","7,91",,"0,053","0,036",,,
01033101,Soldiner Str.,Mitte,Gesundbrunnen,Osloer Str.,"-2,2308",414,7,"99,3","-5,52","22,78","2,28","20,50","13,02","0,81","8,77",,"0,105","0,051",,,
01033102,Gesundbrunnen,Mitte,Gesundbrunnen,Osloer Str.,"-1,8503",395,7,"94,7","-1,32","20,49","2,54","17,95","11,37","0,92","9,86",,"0,087","0,037",,,
01033201,Brunnenstr.,Mitte,Gesundbrunnen,Brunnenstr. Nord,"-2,1284",411,7,"98,6","4,08","21,24","2,32","18,93","10,38","0,94","11,05",,"0,079","0,048",,,
01033202,Humboldthain Süd,Mitte,Gesundbrunnen,Brunnenstr. Nord,"-1,5534",381,7,"91,4","-0,94","19,06","2,37","16,69","10,74","0,77","6,75",,"0,110","0,045",,,
01033203,Humboldthain NW,Mitte,Gesundbrunnen,Brunnenstr. Nord,"-2,2036",413,7,"99,0","-0,75","22,55","2,41","20,14","12,34","1,29","10,17",,"0,110","0,034",,,
01044101,Rehberge,Mitte,Wedding,Parkviertel,"-0,9656",339,6,"81,3","-5,04","16,69","2,41","14,28","10,27","0,68","5,40",,"0,084","0,046",,,
01044102,Schillerpark,Mitte,Wedding,Parkviertel,"-0,6888",310,6,"74,3","-0,95","16,68","2,82","13,87","11,14","0,66","4,17",,"0,090","0,030",,,
01044103,Westl. Müllerstr.,Mitte,Wedding,Parkviertel,"-1,2051",364,7,"87,3","-3,29","16,72","2,33","14,39","10,64","0,75","8,38",,"0,083","0,052",,,
01044201,Reinickendorfer Str.,Mitte,Wedding,Wedding Zentrum,"-2,2766",415,7,"99,5","-0,19","22,54","2,04","20,49","13,00","1,01","11,75",,"0,087","0,050",,,
01044202,Sparrplatz,Mitte,Wedding,Wedding Zentrum,"-1,5524",380,7,"91,1","-4,24","17,11","2,23","14,89","8,81","0,93","12,04",,"0,077","0,043",,,
01044203,Leopoldplatz,Mitte,Wedding,Wedding Zentrum,"-1,9239",401,7,"96,2","-5,87","20,48","2,10","18,38","11,62","1,13","10,76",,"0,087","0,043",,,
02010101,Askanischer Platz,Friedrichshain-Kreuzberg,Kreuzberg,Südliche Friedrichstadt,"-1,8107",392,7,"94,0","-3,69","16,07","2,53","13,54","7,00","1,43","20,44",,"0,101","0,058",,,
02010102,Mehringplatz,Friedrichshain-Kreuzberg,Kreuzberg,Südliche Friedrichstadt,"-1,8641",399,7,"95,7","0,86","17,16","2,11","15,05","7,87","2,51","18,27",,"0,080","0,041",,,
02010103,Moritzplatz,Friedrichshain-Kreuzberg,Kreuzberg,Südliche Friedrichstadt,"-1,9178",400,7,"95,9","-0,87","18,97","2,35","16,62","9,01","1,59","10,91",,"0,092","0,051",,,
02010104,Wassertorplatz,Friedrichshain-Kreuzberg,Kreuzberg,Südliche Friedrichstadt,"-1,9309",402,7,"96,4","1,02","17,55","2,11","15,44","8,83","2,08","23,11",,"0,069","0,029",,,
02020201,Gleisdreieck/Entwickl.-gebiet,Friedrichshain-Kreuzberg,Kreuzberg Süd,Tempelhofer Vorstadt,x,x,x,x,x,x,x,x,x,x,x,,x,x,,,
02020202,Rathaus Yorckstraße,Friedrichshain-Kreuzberg,Kreuzberg Süd,Tempelhofer Vorstadt,"-0,2633",259,5,"62,1","-1,92","10,14","2,07","8,07","5,50","0,68","8,98",,"0,084","0,031",,,
02020203,Viktoriapark,Friedrichshain-Kreuzberg,Kreuzberg Süd,Tempelhofer Vorstadt,"-0,0940",238,4,"57,1","-2,89","9,76","2,16","7,60","6,09","0,86","6,57",,"0,065","0,033",,,
02020204,Urbanstraße,Friedrichshain-Kreuzberg,Kreuzberg Süd,Tempelhofer Vorstadt,"-0,4160",278,5,"66,7","-5,28","10,70","2,56","8,14","4,12","0,86","12,52",,"0,107","0,040",,,
02020205,Chamissokiez,Friedrichshain-Kreuzberg,Kreuzberg Süd,Tempelhofer Vorstadt,"-0,2518",257,5,"61,6","-4,13","10,07","2,45","7,62","3,66","0,79","11,01",,"0,095","0,026",,,
02020206,Graefekiez,Friedrichshain-Kreuzberg,Kreuzberg Süd,Tempelhofer Vorstadt,"-0,8991",334,6,"80,1","-6,26","12,47","1,90","10,57","6,88","0,92","11,36",,"0,090","0,042",,,
02030301,Oranienplatz,Friedrichshain-Kreuzberg,Kreuzberg Ost,nördliche Luisenstadt,"-2,0468",406,7,"97,4","-3,80","17,15","2,03","15,12","9,02","2,37","25,29",,"0,118","0,032",,,
02030302,Lausitzer Platz,Friedrichshain-Kreuzberg,Kreuzberg Ost,nördliche Luisenstadt,"-1,4333",375,7,"89,9","1,07","14,48","2,12","12,36","9,03","1,44","19,17",,"0,085","0,055",,,
02030401,Reichenberger Straße,Friedrichshain-Kreuzberg,Kreuzberg Ost,südliche Luisenstadt,"-1,0228",349,6,"83,7","-5,91","12,64","2,16","10,48","6,84","1,05","14,57",,"0,101","0,053",,,
02030402,Wrangelkiez,Friedrichshain-Kreuzberg,Kreuzberg Ost,südliche Luisenstadt,"-0,9833",342,6,"82,0","-12,52","12,78","2,02","10,76","6,28","0,89","16,38",,"0,069","0,042",,,
02040501,Barnimkiez,Friedrichshain-Kreuzberg,Friedrichshain West,Karl-Marx-Allee-Nord,"-0,0570",229,4,"54,9","0,47","10,49","2,65","7,84","4,83","0,39","0,93",,"0,114","0,033",,,
02040502,Friedenstraße,Friedrichshain-Kreuzberg,Friedrichshain West,Karl-Marx-Allee-Nord,"0,1300",201,4,"48,2","0,76","9,74","2,68","7,06","4,93","0,60","2,51",,"0,064","0,035",,,
02040503,Richard-Sorge-Viertel,Friedrichshain-Kreuzberg,Friedrichshain West,Karl-Marx-Allee-Nord,"-0,0117",222,4,"53,2","-3,96","9,55","2,16","7,40","4,85","0,47","2,03",,"0,068","0,038",,,
02040701,Andreasviertel,Friedrichshain-Kreuzberg,Friedrichshain West,Karl-Marx-Allee-Süd,"-0,0649",232,4,"55,6","2,88","10,32","2,66","7,66","3,90","0,85","2,15",,"0,080","0,034",,,
02040702,Weberwiese,Friedrichshain-Kreuzberg,Friedrichshain West,Karl-Marx-Allee-Süd,"0,2619",181,4,"43,4","-7,08","8,81","2,15","6,66","3,69","0,70","2,79",,"0,067","0,033",,,
02040703,Wriezener Bahnh./Entwickl.-geb.,Friedrichshain-Kreuzberg,Friedrichshain West,Karl-Marx-Allee-Süd,x,x,x,x,x,x,x,x,x,x,x,,x,x,,,
02050601,Hausburgviertel,Friedrichshain-Kreuzberg,Friedrichshain Ost,Frankfurter Allee Nord,"-0,5792",299,6,"71,7","-8,08","10,89","2,52","8,37","4,68","0,46","6,81",,"0,088","0,051",,,
02050602,Samariterviertel,Friedrichshain-Kreuzberg,Friedrichshain Ost,Frankfurter Allee Nord,"-0,5414",293,5,"70,3","-8,20","10,37","2,24","8,13","4,67","0,60","6,77",,"0,111","0,047",,,
02050801,Traveplatz,Friedrichshain-Kreuzberg,Friedrichshain Ost,Frankfurter Allee Süd,"-0,6672",309,6,"74,1","-5,68","11,53","2,43","9,10","5,06","0,58","5,79",,"0,102","0,044",,,
02050802,Boxhagener Platz,Friedrichshain-Kreuzberg,Friedrichshain Ost,Frankfurter Allee Süd,"-0,4389",283,5,"67,9","-8,11","9,74","2,17","7,57","4,86","0,29","7,29",,"0,128","0,058",,,
02050803,Stralauer Kiez,Friedrichshain-Kreuzberg,Friedrichshain Ost,Frankfurter Allee Süd,"-0,5460",295,5,"70,7","-10,79","11,33","2,68","8,65","4,75","0,79","4,18",,"0,103","0,037",,,
02050804,Stralauer Halbinsel,Friedrichshain-Kreuzberg,Friedrichshain Ost,Frankfurter Allee Süd,"0,9921",81,2,"19,4","0,00","5,39","2,13","3,26","2,80","0,24","1,42",,"0,048","0,033",,,
03010101,Bucher Forst,Pankow,Buch,Buch,"-0,0014",221,4,"53,0","0,84","12,29","2,98","9,31","10,22","1,28","1,57",,"0,092","0,016",,,
03010102,Buch,Pankow,Buch,Buch,"-0,6897",311,6,"74,6","-0,91","14,83","3,32","11,51","10,08","0,87","1,10",,"0,068","0,043",,,
03010104,Lietzengraben,Pankow,Buch,Buch,x,x,x,x,x,x,x,x,x,x,x,,x,x,,,
03020203,Blankenfelde,Pankow,Nördliches Pankow,Blankenfelde / Niederschönhausen,"0,5288",132,3,"31,7","10,00","8,46","4,07","4,38","1,60","0,16","0,00",,"0,050","0,041",,,
03020209,Niederschönhausen,Pankow,Nördliches Pankow,Blankenfelde / Niederschönhausen,"0,7021",114,2,"27,3","0,12","7,49","2,31","5,18","2,62","0,41","1,12",,"0,061","0,037",,,
03020210,Herthaplatz,Pankow,Nördliches Pankow,Blankenfelde / Niederschönhausen,"0,5761",128,3,"30,7","-1,21","8,18","2,19","5,99","4,08","0,79","2,12",,"0,051","0,024",,,
03020307,Buchholz,Pankow,Nördliches Weißensee,Buchholz,"0,1313",199,4,"47,7","3,85","9,59","2,89","6,70","2,87","0,56","3,13",,"0,069","0,038",,,
03030405,Karow-Nord,Pankow,Nördliches Weißensee,Karow,"0,0036",220,4,"52,8","7,30","10,45","2,79","7,65","5,18","0,56","2,50",,"0,044","0,036",,,
03030406,Alt-Karow,Pankow,Nördliches Weißensee,Karow,"1,3670",41,1,"9,8","1,37","4,65","2,27","2,38","1,05","0,24","0,46",,"0,049","0,029",,,
03030711,Blankenburg,Pankow,Nördliches Weißensee,Blankenburg / Heinersdorf / Märchenland,"1,3013",45,1,"10,8","3,50","5,02","2,62","2,40","1,22","0,23","0,25",,"0,058","0,031",,,
03030715,Heinersdorf,Pankow,Nördliches Weißensee,Blankenburg / Heinersdorf / Märchenland,"1,0241",75,2,"18,0","4,76","6,65","3,09","3,56","2,61","0,43","1,03",,"0,053","0,036",,,
03030716,Märchenland,Pankow,Nördliches Weißensee,Blankenburg / Heinersdorf / Märchenland,"1,4579",27,1,"6,5","4,17","6,83","2,89","3,94","0,00","0,14","0,00",,"0,042","0,011",,,
03040508,Rosenthal,Pankow,Südliches Pankow,Schönholz / Wilhelmsruh / Rosenthal,"0,7639",105,2,"25,2","8,84","7,76","3,12","4,63","3,05","0,23","1,31",,"0,035","0,030",,,
03040512,Wilhelmsruh,Pankow,Südliches Pankow,Schönholz / Wilhelmsruh / Rosenthal,"0,5863",126,3,"30,2","1,98","7,95","3,02","4,94","4,39","0,38","1,16",,"0,052","0,026",,,
03040513,Schönholz,Pankow,Südliches Pankow,Schönholz / Wilhelmsruh / Rosenthal,"0,7955",102,2,"24,5","2,45","6,39","2,44","3,95","1,23","0,27","2,37",,"0,090","0,031",,,
03040614,Pankow-Zentrum,Pankow,Südliches Pankow,Pankow Zentrum,"0,1153",204,4,"48,9","1,32","11,04","2,74","8,30","6,88","0,48","1,67",,"0,067","0,033",,,
03040818,Pankow-Süd,Pankow,Südliches Pankow,Pankow Süd,"-0,0386",226,4,"54,2","-3,81","11,55","2,81","8,74","6,12","0,44","2,17",,"0,074","0,033",,,
03050919,Gustav-Adolf-Straße,Pankow,Südliches Weißensee,Weißensee,"-0,2777",262,5,"62,8","1,95","14,89","3,52","11,38","7,64","0,25","1,37",,"0,102","0,040",,,
03050920,Weißer See,Pankow,Südliches Weißensee,Weißensee,"0,4576",145,3,"34,8","1,80","9,84","2,49","7,35","7,46","0,42","0,98",,"0,054","0,029",,,
03050923,Weißenseer Spitze,Pankow,Südliches Weißensee,Weißensee,"-0,7115",315,6,"75,5","-5,13","16,10","3,22","12,88","8,47","0,64","3,63",,"0,087","0,028",,,
03050924,Behaimstraße,Pankow,Südliches Weißensee,Weißensee,"-0,5507",296,5,"71,0","0,32","14,83","3,06","11,76","9,69","0,51","3,52",,"0,100","0,036",,,
03050925,Komponistenviertel Weißensee,Pankow,Südliches Weißensee,Weißensee,"-0,2710",260,5,"62,4","3,99","12,34","2,50","9,84","6,93","0,58","2,11",,"0,108","0,036",,,
03051017,Rennbahnstraße,Pankow,Südliches Weißensee,Weißensee Ost,"0,0531",212,4,"50,8","1,32","10,36","2,15","8,21","7,83","0,92","2,85",,"0,085","0,036",,,
03051021,Buschallee,Pankow,Südliches Weißensee,Weißensee Ost,"-0,2345",256,5,"61,4","2,73","14,23","3,50","10,73","7,69","0,61","1,70",,"0,082","0,028",,,
03051022,Hansastraße,Pankow,Südliches Weißensee,Weißensee Ost,"0,3593",165,3,"39,6","8,07","9,89","2,99","6,90","5,98","0,37","0,76",,"0,065","0,024",,,
03061126,Arnimplatz,Pankow,Nördlicher Prenzlauer Berg,Prenzlauer Berg Nordwest,"-0,3682",274,5,"65,7","-3,68","12,05","2,66","9,39","5,99","0,51","3,92",,"0,084","0,050",,,
03061131,Falkplatz,Pankow,Nördlicher Prenzlauer Berg,Prenzlauer Berg Nordwest,"-0,0721",235,4,"56,4","-3,33","10,72","2,19","8,53","5,54","0,28","4,97",,"0,079","0,047",,,
03061227,Humannplatz,Pankow,Nördlicher Prenzlauer Berg,Prenzlauer Berg Nord ,"-0,0233",223,4,"53,5","-3,35","10,12","2,39","7,73","4,96","0,37","3,55",,"0,063","0,040",,,
03061228,Erich-Weinert-Straße,Pankow,Nördlicher Prenzlauer Berg,Prenzlauer Berg Nord ,"-0,5597",297,5,"71,2","-7,29","15,11","2,93","12,18","7,05","0,79","2,43",,"0,072","0,033",,,
03061332,Helmholtzplatz,Pankow,Nördlicher Prenzlauer Berg,Helmholtzplatz,"-0,3152",269,5,"64,5","-3,23","10,35","2,37","7,98","4,24","0,42","7,52",,"0,088","0,056",,,
03061429,Greifswalder Straße,Pankow,Nördlicher Prenzlauer Berg,Prenzlauer Berg Ost,"-0,2077",253,5,"60,7","1,48","13,14","3,21","9,94","9,41","0,67","1,30",,"0,084","0,036",,,
03061430,Volkspark Prenzlauer Berg,Pankow,Nördlicher Prenzlauer Berg,Prenzlauer Berg Ost,"0,2902",176,3,"42,2","11,54","12,98","2,17","10,81","5,91","0,79","1,28",,"0,064","0,024",,,
03061434,Anton-Saefkow-Park,Pankow,Nördlicher Prenzlauer Berg,Prenzlauer Berg Ost,"-1,0486",355,6,"85,1","-17,57","16,42","2,86","13,56","7,69","0,52","3,64",,"0,092","0,041",,,
03061435,Conrad-Blenkle-Straße,Pankow,Nördlicher Prenzlauer Berg,Prenzlauer Berg Ost,"-1,0253",350,6,"83,9","-10,95","16,55","3,03","13,52","9,92","0,51","1,73",,"0,098","0,039",,,
03061441,Eldenaer Straße,Pankow,Nördlicher Prenzlauer Berg,Prenzlauer Berg Ost,x,x,x,x,x,x,x,x,x,x,x,,x,x,,,
03071536,Teutoburger Platz,Pankow,Südlicher Prenzlauer Berg,Prenzlauer Berg Südwest,"0,1252",202,4,"48,4","-9,02","8,87","2,26","6,62","2,64","0,25","3,81",,"0,081","0,042",,,
03071537,Kollwitzplatz,Pankow,Südlicher Prenzlauer Berg,Prenzlauer Berg Südwest,"0,3204",171,3,"41,0","-3,10","8,21","2,19","6,02","3,10","0,44","5,92",,"0,077","0,027",,,
03071633,Thälmannpark,Pankow,Südlicher Prenzlauer Berg,Prenzlauer Berg Süd ,"-0,8973",333,6,"79,9","12,96","16,10","3,36","12,74","10,25","1,71","5,35",,"0,096","0,032",,,
03071638,Winsstraße,Pankow,Südlicher Prenzlauer Berg,Prenzlauer Berg Süd ,"-0,0473",228,4,"54,7","0,37","9,64","2,51","7,13","4,42","0,30","3,39",,"0,071","0,038",,,
03071639,Bötzowstraße,Pankow,Südlicher Prenzlauer Berg,Prenzlauer Berg Süd ,"0,2035",190,4,"45,6","-2,65","9,29","2,06","7,23","4,28","0,34","2,66",,"0,059","0,029",,,
04010101,Jungfernheide,Charlottenburg-Wilmersdorf,CW1,Charlottenburg-Nord,"-0,7997",321,6,"77,0","-4,34","16,51","2,37","14,14","8,28","1,03","3,30",,"0,094","0,049",,,
04010102,Plötzensee,Charlottenburg-Wilmersdorf,CW1,Charlottenburg-Nord,x,x,x,x,x,x,x,x,x,x,x,,x,x,,,
04010103,Paul-Hertz-Siedlung,Charlottenburg-Wilmersdorf,CW1,Charlottenburg-Nord,"-1,1005",358,6,"85,9","2,38","18,75","2,86","15,89","6,93","1,22","6,44",,"0,053","0,033",,,
04020204,Olympiagelände,Charlottenburg-Wilmersdorf,CW2,Heerstraße,x,x,x,x,x,x,x,x,x,x,x,,x,x,,,
04020205,Siedlung Ruhleben,Charlottenburg-Wilmersdorf,CW2,Heerstraße,"1,4374",33,1,"7,9","-5,46","4,84","2,07","2,76","0,00","0,12","1,92",,"0,033","0,020",,,
04020206,Angerburger Allee,Charlottenburg-Wilmersdorf,CW2,Heerstraße,"1,2935",46,1,"11,0","15,79","6,57","2,77","3,81","0,00","0,71","1,51",,"0,081","0,032",,,
04020207,Flatowallee,Charlottenburg-Wilmersdorf,CW2,Heerstraße,"1,4459",31,1,"7,4","4,40","4,91","2,39","2,52","1,80","0,26","0,65",,"0,053","0,022",,,
04020208,Kranzallee,Charlottenburg-Wilmersdorf,CW2,Heerstraße,"1,2576",50,1,"12,0","5,11","4,37","2,07","2,31","0,00","0,82","1,01",,"0,064","0,037",,,
04020209,Eichkamp,Charlottenburg-Wilmersdorf,CW2,Heerstraße,"1,6286",6,1,"1,4","18,24","2,18","1,36","0,82","0,00","0,05","0,00",,"0,030","0,023",,,
04020310,Park Ruhwald,Charlottenburg-Wilmersdorf,CW2,Westend,x,x,x,x,x,x,x,x,x,x,x,,x,x,,,
04020311,Reichsstraße,Charlottenburg-Wilmersdorf,CW2,Westend,"0,9800",82,2,"19,7","2,09","7,22","2,51","4,71","3,06","0,29","2,10",,"0,041","0,025",,,
04020312,Branitzer Platz,Charlottenburg-Wilmersdorf,CW2,Westend,"0,8305",99,2,"23,7","7,06","6,64","2,16","4,48","3,12","0,59","3,16",,"0,075","0,023",,,
04020313,Königin-Elisabeth-Straße,Charlottenburg-Wilmersdorf,CW2,Westend,"0,4971",138,3,"33,1","-2,58","9,96","2,76","7,20","3,39","0,51","2,20",,"0,071","0,023",,,
04020314,Messegelände,Charlottenburg-Wilmersdorf,CW2,Westend,x,x,x,x,x,x,x,x,x,x,x,,x,x,,,
04030415,Schloßgarten,Charlottenburg-Wilmersdorf,CW3,Schloß Charlottenburg,"-0,2946",267,5,"64,0","7,60","10,29","1,54","8,75","4,68","1,33","15,27",,"0,065","0,022",,,
04030416,Klausenerplatz,Charlottenburg-Wilmersdorf,CW3,Schloß Charlottenburg,"-1,0044",345,6,"82,7","-1,32","14,41","2,71","11,70","5,68","1,06","13,81",,"0,075","0,052",,,
04030417,Schloßstraße,Charlottenburg-Wilmersdorf,CW3,Schloß Charlottenburg,"0,0692",211,4,"50,6","-2,98","10,19","2,71","7,48","4,12","0,45","6,39",,"0,074","0,038",,,
04030518,Tegeler Weg,Charlottenburg-Wilmersdorf,CW3,Mierendorffplatz,"-0,6255",307,6,"73,6","-2,44","14,66","2,71","11,95","7,13","1,00","6,61",,"0,071","0,045",,,
04030519,Kaiserin-Augusta-Allee,Charlottenburg-Wilmersdorf,CW3,Mierendorffplatz,"-0,5981",302,6,"72,4","-2,86","15,02","2,94","12,08","5,65","0,72","6,46",,"0,063","0,038",,,
04030620,Alt-Lietzow,Charlottenburg-Wilmersdorf,CW3,Otto-Suhr-Allee,"-0,2733",261,5,"62,6","-5,34","12,96","2,46","10,50","6,29","0,61","6,62",,"0,074","0,034",,,
04030621,Spreestadt,Charlottenburg-Wilmersdorf,CW3,Otto-Suhr-Allee,"-1,0333",352,6,"84,4","-5,33","15,54","2,65","12,89","8,09","1,23","17,37",,"0,073","0,028",,,
04030622,Richard-Wagner-Straße,Charlottenburg-Wilmersdorf,CW3,Otto-Suhr-Allee,"-0,4548",284,5,"68,1","0,46","12,67","2,54","10,13","7,27","1,07","6,98",,"0,068","0,038",,,
04030623,Ernst-Reuter-Platz,Charlottenburg-Wilmersdorf,CW3,Otto-Suhr-Allee,"-0,1179",241,5,"57,8","1,91","12,17","1,87","10,29","5,82","0,48","9,54",,"0,061","0,031",,,
04030724,Lietzensee,Charlottenburg-Wilmersdorf,CW3,Neue Kantstraße,"0,4019",154,3,"36,9","-4,90","9,02","1,91","7,10","5,13","0,51","5,79",,"0,063","0,028",,,
04030725,Amtsgerichtsplatz,Charlottenburg-Wilmersdorf,CW3,Neue Kantstraße,"0,4349",147,3,"35,3","0,18","9,11","2,53","6,58","3,74","0,52","5,34",,"0,055","0,029",,,
04030726,Droysenstraße,Charlottenburg-Wilmersdorf,CW3,Neue Kantstraße,"0,3051",174,3,"41,7","-7,86","9,06","2,25","6,81","3,12","0,54","6,78",,"0,057","0,035",,,
04030827,Karl-August-Platz,Charlottenburg-Wilmersdorf,CW3,Kantstraße,"-0,1875",250,5,"60,0","-2,82","11,92","2,23","9,68","4,55","0,86","8,44",,"0,062","0,029",,,
04030828,Savignyplatz,Charlottenburg-Wilmersdorf,CW3,Kantstraße,"0,4705",141,3,"33,8","-5,66","8,52","1,93","6,58","3,76","0,66","6,23",,"0,069","0,034",,,
04030929,Hindemithplatz,Charlottenburg-Wilmersdorf,CW3,Kurfürstendamm,"0,2431",183,4,"43,9","-1,59","10,25","2,83","7,42","5,42","0,65","7,07",,"0,084","0,031",,,
04030930,George-Grosz-Platz,Charlottenburg-Wilmersdorf,CW3,Kurfürstendamm,"0,8781",96,2,"23,0","-5,61","6,57","2,07","4,51","3,02","0,35","4,54",,"0,049","0,027",,,
04030931,Breitscheidplatz,Charlottenburg-Wilmersdorf,CW3,Kurfürstendamm,"0,6623",119,2,"28,5","-19,59","8,06","1,99","6,06","3,09","0,50","4,03",,"0,042","0,031",,,
04031032,Halensee,Charlottenburg-Wilmersdorf,CW4,Halensee,"0,5039",137,3,"32,9","-2,38","9,34","2,68","6,65","3,49","0,45","4,32",,"0,061","0,032",,,
04041133,Güterbahnhof Grunewald,Charlottenburg-Wilmersdorf,CW4,Grunewald,x,x,x,x,x,x,x,x,x,x,x,,x,x,,,
04041134,Bismarckallee,Charlottenburg-Wilmersdorf,CW4,Grunewald,"1,1772",57,1,"13,7","1,20","5,06","1,69","3,37","2,68","0,45","2,74",,"0,061","0,037",,,
04041135,Hundekehle,Charlottenburg-Wilmersdorf,CW4,Grunewald,"1,6131",9,1,"2,2","14,85","2,98","1,58","1,40","0,00","0,63","0,98",,"0,057","0,029",,,
04041136,Hagenplatz,Charlottenburg-Wilmersdorf,CW4,Grunewald,"1,6214",8,1,"1,9","5,22","3,55","1,41","2,14","2,86","0,41","0,74",,"0,045","0,017",,,
04041137,Flinsberger Platz,Charlottenburg-Wilmersdorf,CW4,Grunewald,"0,5561",131,3,"31,4","-5,90","8,65","1,88","6,78","5,50","0,44","2,72",,"0,062","0,041",,,
04041238,Kissinger Straße,Charlottenburg-Wilmersdorf,CW4,Schmargendorf,"0,7747",104,2,"24,9","5,10","7,57","2,42","5,16","2,91","0,23","1,71",,"0,079","0,031",,,
04041239,Stadion Wilmersdorf,Charlottenburg-Wilmersdorf,CW4,Schmargendorf,x,x,x,x,x,x,x,x,x,x,x,,x,x,,,
04041240,Messelpark,Charlottenburg-Wilmersdorf,CW4,Schmargendorf,"1,6593",3,1,"0,7","12,00","3,72","2,55","1,17","0,00","0,00","0,88",,"0,062","0,029",,,
04041241,Breite Straße,Charlottenburg-Wilmersdorf,CW4,Schmargendorf,"1,0229",76,2,"18,2","1,75","7,04","2,66","4,37","1,09","0,31","2,22",,"0,055","0,029",,,
04041342,Schlangenbader Straße,Charlottenburg-Wilmersdorf,CW4,Wiesbadener Straße,"0,2527",182,4,"43,6","3,13","11,17","2,97","8,20","5,79","1,05","4,89",,"0,050","0,029",,,
04041343,Binger Straße,Charlottenburg-Wilmersdorf,CW4,Wiesbadener Straße,"0,8116",100,2,"24,0","-5,30","8,27","2,54","5,72","4,40","0,57","4,88",,"0,050","0,019",,,
04041344,Rüdesheimer Platz,Charlottenburg-Wilmersdorf,CW4,Wiesbadener Straße,"0,6639",118,2,"28,3","2,78","8,04","2,54","5,50","2,70","0,52","2,28",,"0,059","0,035",,,
04051445,Eisenzahnstraße,Charlottenburg-Wilmersdorf,CW5,Düsseldorfer Straße,"0,3409",169,3,"40,5","-7,14","9,96","2,46","7,51","4,14","0,37","3,60",,"0,047","0,047",,,
04051446,Preußenpark,Charlottenburg-Wilmersdorf,CW5,Düsseldorfer Straße,"0,6135",123,3,"29,5","0,51","8,29","2,47","5,82","2,32","0,36","3,54",,"0,052","0,035",,,
04051447,Ludwigkirchplatz,Charlottenburg-Wilmersdorf,CW5,Düsseldorfer Straße,"0,3584",166,3,"39,8","0,44","9,88","2,75","7,13","3,21","0,53","3,68",,"0,051","0,032",,,
04051448,Schaperstraße,Charlottenburg-Wilmersdorf,CW5,Barstraße,"0,4196",152,3,"36,5","-4,38","9,04","2,26","6,78","4,63","0,46","5,14",,"0,074","0,034",,,
04051549,Rathaus Wilmersdorf,Charlottenburg-Wilmersdorf,CW5,Barstraße,"0,0404",216,4,"51,8","-6,10","10,55","2,94","7,61","3,63","0,48","3,91",,"0,056","0,045",,,
04051550,Leon-Jessel-Platz,Charlottenburg-Wilmersdorf,CW5,Barstraße,"0,4470",146,3,"35,0","1,85","9,02","2,34","6,68","4,58","0,43","5,53",,"0,061","0,024",,,
04051551,Brabanter Platz,Charlottenburg-Wilmersdorf,CW5,Volkspark Wilmersdorf,"0,0387",218,4,"52,3","2,59","10,50","2,30","8,20","4,34","0,54","5,10",,"0,059","0,057",,,
04051652,Nikolsburger Platz,Charlottenburg-Wilmersdorf,CW5,Volkspark Wilmersdorf,"0,6905",115,2,"27,6","0,53","8,43","2,27","6,16","3,31","0,52","4,75",,"0,048","0,024",,,
04051653,Prager Platz,Charlottenburg-Wilmersdorf,CW5,Volkspark Wilmersdorf,"0,4340",148,3,"35,5","-0,86","8,74","2,72","6,02","3,36","0,58","4,78",,"0,058","0,034",,,
04051654,Wilhelmsaue,Charlottenburg-Wilmersdorf,CW5,Volkspark Wilmersdorf,"0,3127",173,3,"41,5","-12,20","10,58","2,90","7,68","3,47","0,61","2,77",,"0,052","0,034",,,
04051655,Babelsberger Straße,Charlottenburg-Wilmersdorf,CW5,Volkspark Wilmersdorf,"-0,0458",227,4,"54,4","-5,67","10,39","2,56","7,83","5,99","0,84","6,58",,"0,068","0,029",,,
04051656,Hildegardstraße,Charlottenburg-Wilmersdorf,CW5,Volkspark Wilmersdorf,"0,3997",156,3,"37,4","-0,27","8,88","2,49","6,40","4,81","0,36","3,31",,"0,040","0,045",,,
04061757,Forst Grunewald,Charlottenburg-Wilmersdorf,CW6,Forst Grunewald,x,x,x,x,x,x,x,x,x,x,x,,x,x,,,
05010101,Hakenfelde Nord,Spandau,SPA 1,Hakenfelde,"-0,1050",240,5,"57,6","2,28","10,45","3,59","6,87","2,21","0,69","1,43",,"0,091","0,028",,,
05010102,Goltzstraße,Spandau,SPA 1,Hakenfelde,"0,0494",214,4,"51,3","2,19","11,87","3,10","8,78","3,85","1,00","2,58",,"0,065","0,035",,,
05010103,Amorbacher Weg,Spandau,SPA 1,Hakenfelde,"0,4866",139,3,"33,3","4,98","9,10","2,80","6,30","1,83","1,20","2,33",,"0,070","0,030",,,
05010204,Griesingerstr.,Spandau,SPA 1,Falkenhagener Feld,"-1,0082",347,6,"83,2","3,82","16,18","2,63","13,55","3,09","1,54","6,32",,"0,144","0,033",,,
05010205,An der Tränke,Spandau,SPA 1,Falkenhagener Feld,"1,4578",28,1,"6,7","12,75","4,00","2,47","1,53","0,00","0,16","1,55",,"0,055","0,021",,,
05010206,Gütersloher Weg,Spandau,SPA 1,Falkenhagener Feld,"-0,5442",294,5,"70,5","-1,76","13,52","3,12","10,40","2,85","0,98","4,84",,"0,100","0,040",,,
05010207,Darbystr.,Spandau,SPA 1,Falkenhagener Feld,"-1,1857",363,7,"87,1","5,89","17,67","2,38","15,29","3,62","1,83","7,65",,"0,089","0,041",,,
05010208,Germersheimer Platz,Spandau,SPA 1,Falkenhagener Feld,"-1,0599",357,6,"85,6","-8,77","16,18","2,81","13,38","5,93","1,32","3,74",,"0,096","0,056",,,
05010209,An der Kappe,Spandau,SPA 1,Falkenhagener Feld,"0,6319",121,3,"29,0","0,43","7,72","2,80","4,91","1,56","0,44","1,52",,"0,068","0,038",,,
05010310,Eckschanze,Spandau,SPA 1,Spandau Mitte,"-0,8840",330,6,"79,1","-4,52","14,92","3,04","11,88","4,88","0,74","6,03",,"0,132","0,060",,,
05010311,Eiswerder,Spandau,SPA 1,Spandau Mitte,"-1,5492",379,7,"90,9","-6,67","19,24","2,48","16,76","5,71","0,91","3,82",,"0,090","0,045",,,
05010312,Kurstr.,Spandau,SPA 1,Spandau Mitte,"-1,4435",376,7,"90,2","-3,13","19,49","2,50","16,98","3,65","1,00","8,17",,"0,109","0,029",,,
05010313,Ackerstr.,Spandau,SPA 1,Spandau Mitte,"-0,7893",320,6,"76,7","5,09","15,47","2,98","12,49","4,37","0,69","5,31",,"0,091","0,046",,,
05010314,Carl-Schurz-Str.,Spandau,SPA 1,Spandau Mitte,"-0,6248",306,6,"73,4","-2,98","15,10","2,96","12,14","5,24","0,87","5,28",,"0,079","0,035",,,
05010339,Freiheit,Spandau,SPA 2,Spandau Mitte,x,x,x,x,x,x,x,x,x,x,x,,x,x,,,
05020415,Isenburger Weg,Spandau,SPA 2,Brunsbütteler Damm,"1,5138",18,1,"4,3","10,87","4,40","2,83","1,57","0,00","0,12","0,90",,"0,032","0,013",,,
05020416,Am Heideberg,Spandau,SPA 2,Brunsbütteler Damm,"0,7784",103,2,"24,7","1,59","7,50","2,88","4,62","0,00","0,18","1,26",,"0,085","0,051",,,
05020417,Staakener Str.,Spandau,SPA 2,Brunsbütteler Damm,"0,9001",92,2,"22,1","-0,84","7,73","2,67","5,06","2,55","0,16","0,53",,"0,050","0,030",,,
05020418,Spandauer Str.,Spandau,SPA 2,Brunsbütteler Damm,"0,2371",185,4,"44,4","-2,19","10,61","3,02","7,59","2,64","0,42","1,77",,"0,060","0,042",,,
05020419,Magistratsweg,Spandau,SPA 2,Brunsbütteler Damm,"-0,4227",280,5,"67,1","2,95","14,53","3,17","11,36","3,79","0,66","3,67",,"0,073","0,035",,,
05020420,Werkstr.,Spandau,SPA 2,Brunsbütteler Damm,x,x,x,x,x,x,x,x,x,x,x,,x,x,,,
05020521,Döberitzer Weg,Spandau,SPA 2,Heerstraße Nord,"0,3891",159,3,"38,1","10,98","8,55","3,30","5,25","2,29","0,13","1,91",,"0,056","0,040",,,
05020522,Pillnitzer Weg,Spandau,SPA 2,Heerstraße Nord,"-1,1729",361,7,"86,6","0,00","18,07","2,52","15,54","3,79","1,17","7,04",,"0,105","0,049",,,
05020523,Maulbeerallee,Spandau,SPA 2,Heerstraße Nord,"-1,7194",389,7,"93,3","2,34","19,33","2,41","16,92","4,51","1,46","8,29",,"0,094","0,044",,,
05020524,Weinmeisterhornweg,Spandau,SPA 2,Heerstraße Nord,"0,8848",95,2,"22,8","4,00","6,97","3,17","3,80","1,12","0,37","2,05",,"0,044","0,034",,,
05020625,Borkumer Str.,Spandau,SPA 2,Wilhelmstadt,"-0,4069",276,5,"66,2","-7,50","13,62","2,81","10,81","4,09","0,52","4,75",,"0,084","0,046",,,
05020626,Adamstr.,Spandau,SPA 2,Wilhelmstadt,"-0,5977",301,6,"72,2","-7,29","14,08","3,14","10,93","3,99","0,71","4,48",,"0,100","0,043",,,
05020627,Tiefenwerder,Spandau,SPA 2,Wilhelmstadt,"-0,8312",323,6,"77,5","-6,22","13,84","2,49","11,35","3,37","1,41","5,23",,"0,096","0,059",,,
05020628,Graetschelsteig,Spandau,SPA 2,Wilhelmstadt,"-0,2933",265,5,"63,5","0,00","11,90","3,47","8,43","4,28","0,69","1,53",,"0,139","0,041",,,
05020629,Börnicker Str.,Spandau,SPA 2,Wilhelmstadt,"1,4755",24,1,"5,8","11,11","4,96","2,65","2,32","0,93","0,27","0,81",,"0,040","0,034",,,
05030730,Zitadellenweg,Spandau,SPA 3,Haselhorst,"-0,2037",252,5,"60,4","5,81","11,43","3,73","7,70","1,78","0,58","3,50",,"0,077","0,033",,,
05030731,Gartenfelder Str.,Spandau,SPA 3,Haselhorst,"-0,7242",316,6,"75,8","-3,26","15,98","3,42","12,55","4,25","0,82","3,68",,"0,086","0,038",,,
05030832,Rohrdamm,Spandau,SPA 3,Siemensstadt,"-0,0870",236,4,"56,6","-0,19","11,76","3,49","8,27","2,20","0,57","3,22",,"0,066","0,024",,,
05030833,Motardstr.,Spandau,SPA 3,Siemensstadt,x,x,x,x,x,x,x,x,x,x,x,,x,x,,,
05040934,Alt-Gatow,Spandau,SPA 4,Gatow / Kladow,"1,5439",15,1,"3,6","10,07","4,19","2,94","1,25","0,00","0,23","0,50",,"0,043","0,019",,,
05040935,Groß-Glienicker Weg,Spandau,SPA 4,Gatow / Kladow,x,x,x,x,x,x,x,x,x,x,x,,x,x,,,
05040936,Jägerallee,Spandau,SPA 4,Gatow / Kladow,"1,6281",7,1,"1,7","11,03","3,65","2,32","1,33","0,81","0,10","0,50",,"0,038","0,024",,,
05040937,Kladower Damm,Spandau,SPA 4,Gatow / Kladow,"1,6456",5,1,"1,2","2,60","3,20","1,48","1,72","0,00","0,25","0,17",,"0,087","0,029",,,
05040938,Kafkastr.,Spandau,SPA 4,Gatow / Kladow,"1,5847",10,1,"2,4","13,87","4,27","2,64","1,63","1,08","0,18","0,00",,"0,067","0,023",,,
06010101,Fichtenberg,Steglitz-Zehlendorf,Region A,Schloßstraße,"1,4338",34,1,"8,2","6,21","4,08","1,35","2,73","1,52","0,18","1,17",,"0,046","0,029",,,
06010102,Schloßstr.,Steglitz-Zehlendorf,Region A,Schloßstraße,"0,5074",136,3,"32,6","-6,22","7,61","2,10","5,51","3,40","0,48","5,37",,"0,033","0,040",,,
06010103,Markelstr.,Steglitz-Zehlendorf,Region A,Schloßstraße,"0,4311",149,3,"35,7","-0,29","7,82","1,78","6,04","4,53","0,49","3,23",,"0,075","0,044",,,
06010204,Munsterdamm,Steglitz-Zehlendorf,Region A,Albrechtstraße,"0,1997",191,4,"45,8","3,77","8,87","2,19","6,69","4,21","0,66","2,82",,"0,085","0,042",,,
06010205,Südende,Steglitz-Zehlendorf,Region A,Albrechtstraße,"0,4222",151,3,"36,2","-6,28","9,10","2,08","7,01","3,68","0,51","3,77",,"0,051","0,040",,,
06010206,Stadtpark,Steglitz-Zehlendorf,Region A,Albrechtstraße,"0,4623",143,3,"34,3","0,00","8,11","1,82","6,28","6,42","0,95","3,80",,"0,044","0,027",,,
06010207,Mittelstr.,Steglitz-Zehlendorf,Region A,Albrechtstraße,"0,3524",167,3,"40,0","1,62","9,23","2,09","7,14","6,20","0,53","3,05",,"0,052","0,032",,,
06010208,Bergstr.,Steglitz-Zehlendorf,Region A,Albrechtstraße,"0,3975",158,3,"37,9","-1,14","9,09","2,28","6,81","4,46","0,39","4,85",,"0,062","0,038",,,
06010209,Feuerbachstr.,Steglitz-Zehlendorf,Region A,Albrechtstraße,"0,2775",179,3,"42,9","1,39","9,01","2,03","6,98","5,66","0,36","3,98",,"0,079","0,050",,,
06010210,Bismarckstr.,Steglitz-Zehlendorf,Region A,Albrechtstraße,"-0,0384",225,4,"54,0","-2,35","10,44","2,15","8,29","6,29","1,00","4,81",,"0,081","0,043",,,
06020301,Alt-Lankwitz,Steglitz-Zehlendorf,Region B,Lankwitz,"0,3718",162,3,"38,8","3,79","8,58","2,57","6,00","3,30","0,87","2,77",,"0,067","0,042",,,
06020302,Komponistenviertel Lankwitz,Steglitz-Zehlendorf,Region B,Lankwitz,"0,9547",86,2,"20,6","-5,53","5,74","1,62","4,12","2,30","0,45","1,13",,"0,077","0,024",,,
06020303,Lankwitz-Kirche,Steglitz-Zehlendorf,Region B,Lankwitz,"0,0778",209,4,"50,1","0,71","11,22","2,27","8,95","6,90","0,37","2,53",,"0,067","0,041",,,
06020304,Kaiser-Wilhelm-Str.,Steglitz-Zehlendorf,Region B,Lankwitz,"0,2284",188,4,"45,1","2,58","10,85","2,23","8,62","6,52","0,57","2,28",,"0,062","0,041",,,
06020305,Gemeindepark Lankwitz,Steglitz-Zehlendorf,Region B,Lankwitz,"0,1060",207,4,"49,6","2,14","10,00","2,07","7,93","4,82","1,02","5,18",,"0,091","0,039",,,
06020306,Lankwitz-Süd,Steglitz-Zehlendorf,Region B,Lankwitz,"0,9184",89,2,"21,3","-2,97","7,02","2,49","4,54","3,01","0,33","2,57",,"0,037","0,028",,,
06020407,Thermometersiedlung,Steglitz-Zehlendorf,Region B,Ostpreußendamm,"-0,7784",319,6,"76,5","5,63","14,62","2,90","11,72","7,98","0,74","5,75",,"0,101","0,035",,,
06020408,Lichterfelde-Süd,Steglitz-Zehlendorf,Region B,Ostpreußendamm,"0,4586",144,3,"34,5","-2,68","8,21","1,66","6,55","4,41","0,67","4,13",,"0,072","0,045",,,
06020409,Königsberger Str.,Steglitz-Zehlendorf,Region B,Ostpreußendamm,"0,7125",111,2,"26,6","3,30","7,24","2,10","5,14","3,14","0,47","1,61",,"0,067","0,040",,,
06020410,Oberhofer Platz,Steglitz-Zehlendorf,Region B,Ostpreußendamm,"1,1886",56,1,"13,4","5,53","5,29","2,11","3,18","2,06","0,49","2,39",,"0,045","0,037",,,
06020411,Schütte-Lanz-Str.,Steglitz-Zehlendorf,Region B,Ostpreußendamm,"0,6839",116,2,"27,8","2,18","7,37","2,45","4,92","2,88","0,51","2,20",,"0,036","0,039",,,
06030501,Berlepschstr.,Steglitz-Zehlendorf,Region C,Teltower Damm,"1,3678",40,1,"9,6","10,70","4,61","1,76","2,85","2,36","0,26","0,13",,"0,041","0,033",,,
06030502,Zehlendorf-Süd,Steglitz-Zehlendorf,Region C,Teltower Damm,"0,1602",198,4,"47,5","-5,45","10,66","2,42","8,25","4,50","0,55","3,38",,"0,080","0,039",,,
06030503,Zehlendorf-Mitte,Steglitz-Zehlendorf,Region C,Teltower Damm,"0,9698",83,2,"19,9","3,23","6,33","1,89","4,44","2,71","0,48","2,80",,"0,051","0,027",,,
06030504,Teltower Damm,Steglitz-Zehlendorf,Region C,Teltower Damm,"1,3783",38,1,"9,1","1,31","4,14","1,90","2,24","1,25","0,45","1,06",,"0,042","0,032",,,
06030605,Botanischer Garten,Steglitz-Zehlendorf,Region C,Drakestraße,"0,9602",85,2,"20,4","-1,72","5,90","1,73","4,17","4,53","0,24","2,30",,"0,064","0,027",,,
06030606,Hindenburgdamm,Steglitz-Zehlendorf,Region C,Drakestraße,"0,4158",153,3,"36,7","-1,17","9,81","2,02","7,79","5,18","0,49","2,33",,"0,050","0,033",,,
06030607,Goerzwerke,Steglitz-Zehlendorf,Region C,Drakestraße,"1,1385",63,2,"15,1","0,00","4,17","1,13","3,05","1,05","0,10","1,46",,"0,094","0,033",,,
06030608,Schweizer Viertel,Steglitz-Zehlendorf,Region C,Drakestraße,"1,5674",12,1,"2,9","9,42","4,01","1,60","2,41","1,67","0,15","1,27",,"0,032","0,031",,,
06030609,Augustaplatz,Steglitz-Zehlendorf,Region C,Drakestraße,"1,0111",78,2,"18,7","0,73","6,29","2,03","4,26","3,14","0,29","1,71",,"0,044","0,028",,,
06030610,Lichterfelde-West,Steglitz-Zehlendorf,Region C,Drakestraße,"1,3855",37,1,"8,9","10,29","4,76","1,69","3,07","1,78","0,16","1,69",,"0,046","0,018",,,
06040701,Wannsee,Steglitz-Zehlendorf,Region D,Zehlendorf Südwest,"1,5327",17,1,"4,1","7,48","3,65","1,86","1,79","1,56","0,13","1,33",,"0,044","0,026",,,
06040702,Düppel,Steglitz-Zehlendorf,Region D,Zehlendorf Südwest,"1,4995",20,1,"4,8","5,59","3,37","1,52","1,85","1,65","0,26","0,85",,"0,040","0,017",,,
06040703,Nikolassee,Steglitz-Zehlendorf,Region D,Zehlendorf Südwest,"1,4865",22,1,"5,3","6,20","3,44","1,32","2,12","0,90","0,17","1,21",,"0,046","0,031",,,
06040804,Krumme Lanke,Steglitz-Zehlendorf,Region D,Zehlendorf Nord,"1,7120",1,1,"0,2","2,62","2,52","1,43","1,09","0,00","0,23","1,07",,"0,032","0,030",,,
06040805,Fischerhüttenstr.,Steglitz-Zehlendorf,Region D,Zehlendorf Nord,"1,5562",14,1,"3,4","3,45","4,45","1,87","2,58","0,00","0,22","1,34",,"0,055","0,012",,,
06040806,Fischtal,Steglitz-Zehlendorf,Region D,Zehlendorf Nord,"1,4081",35,1,"8,4","4,45","4,40","2,06","2,34","0,89","0,48","2,06",,"0,025","0,026",,,
06040807,Zehlendorf-Eiche,Steglitz-Zehlendorf,Region D,Zehlendorf Nord,"1,1990",55,1,"13,2","12,75","5,07","1,30","3,77","2,50","0,58","1,64",,"0,047","0,027",,,
06040808,Hüttenweg,Steglitz-Zehlendorf,Region D,Zehlendorf Nord,"0,9422",87,2,"20,9","-0,84","4,64","1,93","2,71","1,67","0,17","1,37",,"0,050","0,041",,,
06040809,Thielallee,Steglitz-Zehlendorf,Region D,Zehlendorf Nord,"1,6585",4,1,"1,0","4,30","2,15","1,06","1,09","1,08","0,26","1,35",,"0,052","0,019",,,
06040810,Dahlem,Steglitz-Zehlendorf,Region D,Zehlendorf Nord,"1,6848",2,1,"0,5","9,83","2,70","1,30","1,40","0,95","0,08","0,56",,"0,049","0,021",,,
07010101,Wittenbergpl./Vikt.-Luise-Pl.,Tempelhof-Schöneberg,Schöneberg,Schöneberg,"0,2358",186,4,"44,6","-1,46","9,72","2,23","7,49","5,44","1,17","6,88",,"0,085","0,025",,,
07010102,Nollendorfplatz,Tempelhof-Schöneberg,Schöneberg,Schöneberg,"-0,6966",313,6,"75,1","-0,49","12,05","1,87","10,18","6,27","1,50","15,96",,"0,081","0,032",,,
07010103,Barbarossaplatz,Tempelhof-Schöneberg,Schöneberg,Schöneberg,"0,3179",172,3,"41,2","0,38","8,89","2,01","6,88","4,06","0,72","5,62",,"0,049","0,037",,,
07010104,Dennewitzplatz,Tempelhof-Schöneberg,Schöneberg,Schöneberg,"-1,3485",373,7,"89,4","-2,52","14,99","1,87","13,12","6,68","1,43","22,03",,"0,075","0,041",,,
07020201,Bayerischer Platz,Tempelhof-Schöneberg,Schöneberg-Süd,Schöneberg-Süd,"0,3890",160,3,"38,4","-4,61","8,47","2,34","6,13","4,00","0,70","4,67",,"0,048","0,034",,,
07020202,Volkspark (Rud.-Wilde-Park),Tempelhof-Schöneberg,Schöneberg-Süd,Schöneberg-Süd,"-0,1864",249,5,"59,7","-3,36","9,90","1,95","7,95","5,07","0,78","5,80",,"0,076","0,051",,,
07020203,Kaiser-Wilhelm-Platz,Tempelhof-Schöneberg,Schöneberg-Süd,Schöneberg-Süd,"-0,5912",300,6,"71,9","-6,63","11,74","2,10","9,63","6,64","1,32","10,35",,"0,084","0,044",,,
07020204,Schöneberger Insel,Tempelhof-Schöneberg,Schöneberg-Süd,Schöneberg-Süd,"-0,1938",251,5,"60,2","-7,67","10,66","2,12","8,54","5,20","0,86","7,32",,"0,070","0,025",,,
07030301,Friedenau,Tempelhof-Schöneberg,Friedenau,Friedenau,"0,9368",88,2,"21,1","-2,09","5,83","2,02","3,81","1,99","0,49","3,22",,"0,057","0,034",,,
07030302,Ceciliengärten,Tempelhof-Schöneberg,Friedenau,Friedenau,"0,7089",112,2,"26,9","2,46","7,19","1,98","5,21","2,31","0,37","3,22",,"0,059","0,030",,,
07030303,Grazer Platz,Tempelhof-Schöneberg,Friedenau,Friedenau,"-0,4101",277,5,"66,4","-9,01","12,54","2,16","10,37","5,69","0,73","5,02",,"0,064","0,039",,,
07040401,Neu-Tempelhof,Tempelhof-Schöneberg,Tempelhof,Tempelhof,"0,1211",203,4,"48,7","3,22","10,72","2,36","8,36","5,63","0,84","3,08",,"0,068","0,043",,,
07040402,Lindenhofsiedlung,Tempelhof-Schöneberg,Tempelhof,Tempelhof,"-0,1640",247,5,"59,2","2,94","12,76","2,58","10,18","4,49","0,73","3,81",,"0,109","0,042",,,
07040403,Manteuffelstr.,Tempelhof-Schöneberg,Tempelhof,Tempelhof,"-0,1416",243,5,"58,3","-3,82","10,84","2,26","8,57","5,09","0,55","3,67",,"0,085","0,045",,,
07040404,Marienhöhe,Tempelhof-Schöneberg,Tempelhof,Tempelhof,"0,2731",180,4,"43,2","0,47","9,53","2,35","7,18","3,42","0,41","3,91",,"0,067","0,035",,,
07040405,Rathaus Tempelhof,Tempelhof-Schöneberg,Tempelhof,Tempelhof,"-0,1628",246,5,"59,0","-1,05","11,77","2,26","9,52","6,02","0,85","3,42",,"0,057","0,039",,,
07040406,Germaniagarten,Tempelhof-Schöneberg,Tempelhof,Tempelhof,"-1,8605",398,7,"95,4","-6,12","20,43","1,52","18,91","12,92","1,75","10,38",,"0,143","0,053",,,
07050501,Rathausstr.,Tempelhof-Schöneberg,Mariendorf,Mariendorf,"-0,2099",254,5,"60,9","-2,32","11,76","2,30","9,46","6,38","0,71","4,21",,"0,078","0,040",,,
07050502,Fritz-Werner-Str.,Tempelhof-Schöneberg,Mariendorf,Mariendorf,"0,1073",206,4,"49,4","-2,66","10,30","2,37","7,93","4,57","0,73","1,37",,"0,074","0,041",,,
07050503,Eisenacher Str.,Tempelhof-Schöneberg,Mariendorf,Mariendorf,"0,1148",205,4,"49,2","-4,01","10,84","2,32","8,52","4,73","0,95","2,33",,"0,050","0,037",,,
07050504,Imbrosweg,Tempelhof-Schöneberg,Mariendorf,Mariendorf,"-0,2568",258,5,"61,9","-4,57","12,89","2,37","10,52","4,50","0,97","3,58",,"0,062","0,036",,,
07050505,Hundsteinweg,Tempelhof-Schöneberg,Mariendorf,Mariendorf,"0,5741",129,3,"30,9","4,40","7,90","2,38","5,52","2,43","0,35","2,50",,"0,060","0,038",,,
07050506,Birnhornweg,Tempelhof-Schöneberg,Mariendorf,Mariendorf,"1,1553",59,1,"14,1","-2,60","5,10","3,05","2,05","2,69","0,15","0,61",,"0,043","0,041",,,
07060601,Marienfelder Allee Nordwest,Tempelhof-Schöneberg,Marienfelde,Marienfelde,"-0,0656",233,4,"55,9","-0,47","12,04","2,53","9,51","4,30","0,74","4,36",,"0,043","0,027",,,
07060602,Kirchstr.,Tempelhof-Schöneberg,Marienfelde,Marienfelde,"1,0727",72,2,"17,3","1,81","6,05","2,15","3,90","2,00","0,29","1,09",,"0,054","0,034",,,
07060603,Marienfelde Nordost,Tempelhof-Schöneberg,Marienfelde,Marienfelde,"0,0761",210,4,"50,4","-3,77","8,27","3,02","5,25","4,21","0,25","0,72",,"0,078","0,038",,,
07060604,Marienfelde Süd,Tempelhof-Schöneberg,Marienfelde,Marienfelde,"-0,3556",273,5,"65,5","0,99","13,40","2,87","10,53","5,35","0,64","4,00",,"0,067","0,040",,,
07070701,Kettinger Str./Schillerstr.,Tempelhof-Schöneberg,Lichtenrade,Lichtenrade,"0,8860",94,2,"22,5","1,60","6,53","2,50","4,03","2,63","0,34","1,24",,"0,034","0,036",,,
07070702,Alt-Lichtenrade/Töpch. Weg,Tempelhof-Schöneberg,Lichtenrade,Lichtenrade,"0,5719",130,3,"31,2","6,83","7,58","2,53","5,05","2,59","0,64","1,93",,"0,072","0,039",,,
07070703,John-Locke-Str.,Tempelhof-Schöneberg,Lichtenrade,Lichtenrade,"-0,1308",242,5,"58,0","4,70","11,62","2,57","9,05","4,67","1,03","3,68",,"0,090","0,039",,,
07070704,Nahariyastr.,Tempelhof-Schöneberg,Lichtenrade,Lichtenrade,"-0,5117",289,5,"69,3","-3,34","13,70","2,46","11,24","5,64","0,55","7,01",,"0,066","0,035",,,
07070705,Franziusweg/ Rohrbachstr.,Tempelhof-Schöneberg,Lichtenrade,Lichtenrade,"1,0850",70,2,"16,8","0,28","5,57","2,14","3,44","1,81","0,42","0,99",,"0,054","0,028",,,
07070706,Horstwald. Str./Paplitzer Str.,Tempelhof-Schöneberg,Lichtenrade,Lichtenrade,"0,9670",84,2,"20,1","2,81","5,94","2,20","3,74","1,37","0,23","1,46",,"0,048","0,044",,,
07070707,Wittelsbacherstr.,Tempelhof-Schöneberg,Lichtenrade,Lichtenrade,"1,4477",30,1,"7,2","3,64","3,94","1,76","2,18","0,00","0,00","0,98",,"0,051","0,041",,,
08010115,Hasenheide,Neukölln,Neukölln,Schillerpromenade,x,x,x,x,x,x,x,x,x,x,x,,x,x,,,
08010116,Wissmannstraße,Neukölln,Neukölln,Schillerpromenade,"-1,9338",403,7,"96,6","-4,17","17,95","2,07","15,87","12,56","1,66","22,78",,"0,098","0,061",,,
08010117,Schillerpromenade,Neukölln,Neukölln,Schillerpromenade,"-1,8546",397,7,"95,2","-9,29","18,63","1,84","16,79","10,46","1,02","12,24",,"0,106","0,054",,,
08010118,Silbersteinstraße,Neukölln,Neukölln,Schillerpromenade,"-2,0522",408,7,"97,8","-1,61","19,85","1,71","18,14","11,89","1,49","10,35",,"0,108","0,039",,,
08010211,Flughafenstraße,Neukölln,Neukölln,Neuköllner Mitte / Zentrum,"-1,8391",393,7,"94,2","-7,78","18,22","2,12","16,11","12,05","0,85","14,22",,"0,091","0,028",,,
08010212,Rollberg,Neukölln,Neukölln,Neuköllner Mitte / Zentrum,"-2,5059",417,7,"100,0","1,91","19,34","1,90","17,45","9,92","1,87","17,30",,"0,127","0,069",,,
08010213,Körnerpark,Neukölln,Neukölln,Neuköllner Mitte / Zentrum,"-2,0257",405,7,"97,1","-6,26","18,99","2,06","16,92","11,17","1,00","11,89",,"0,117","0,048",,,
08010214,Glasower Straße,Neukölln,Neukölln,Neuköllner Mitte / Zentrum,"-2,1192",410,7,"98,3","-3,23","18,98","1,81","17,17","9,44","0,99","6,72",,"0,136","0,082",,,
08010301,Reuterkiez,Neukölln,Neukölln,Reuterstraße,"-1,3222",370,7,"88,7","-6,10","15,44","2,04","13,40","9,91","0,79","9,89",,"0,092","0,047",,,
08010302,Bouchéstraße,Neukölln,Neukölln,Reuterstraße,"-1,2536",367,7,"88,0","-2,98","16,44","2,44","14,00","9,43","0,86","4,93",,"0,090","0,063",,,
08010303,Donaustraße,Neukölln,Neukölln,Reuterstraße,"-2,0471",407,7,"97,6","-13,56","18,21","2,01","16,20","10,53","1,26","13,51",,"0,109","0,040",,,
08010404,Rixdorf,Neukölln,Neukölln,Rixdorf,"-1,7939",391,7,"93,8","-5,31","18,04","2,15","15,89","11,57","1,04","10,08",,"0,092","0,049",,,
08010405,Hertzbergplatz,Neukölln,Neukölln,Rixdorf,"-1,3274",371,7,"89,0","-4,79","16,28","2,05","14,23","9,90","0,63","7,61",,"0,102","0,037",,,
08010406,Treptower Straße Nord,Neukölln,Neukölln,Rixdorf,"-2,3537",416,7,"99,8","-3,38","21,34","2,03","19,31","14,71","1,73","8,21",,"0,130","0,050",,,
08010407,Gewerbegebiet Ederstraße,Neukölln,Neukölln,Rixdorf,x,x,x,x,x,x,x,x,x,x,x,,x,x,,,
08010508,Weiße Siedlung,Neukölln,Neukölln,Weiße Siedlung,"-1,6521",387,7,"92,8","-4,86","18,30","2,13","16,17","9,58","1,28","8,46",,"0,124","0,036",,,
08010509,Schulenburgpark,Neukölln,Neukölln,Weiße Siedlung,"-1,8457",394,7,"94,5","-4,26","19,68","1,97","17,71","9,93","1,40","7,50",,"0,080","0,043",,,
08010510,Gewerbegeb. Köllnische Heide,Neukölln,Neukölln,Weiße Siedlung,x,x,x,x,x,x,x,x,x,x,x,,x,x,,,
08020619,Buschkrugallee Nord,Neukölln,Britz / Buckow,Britz,"-1,2294",366,7,"87,8","-1,58","15,05","2,25","12,80","10,92","1,43","5,97",,"0,095","0,055",,,
08020620,Tempelhofer Weg,Neukölln,Britz / Buckow,Britz,"-0,8513",325,6,"77,9","0,26","14,19","2,37","11,82","6,89","1,19","4,74",,"0,102","0,054",,,
08020621,Mohriner Allee Nord,Neukölln,Britz / Buckow,Britz,"1,4013",36,1,"8,6","-8,24","3,58","2,18","1,40","1,48","0,13","0,31",,"0,045","0,024",,,
08020622,Parchimer Allee,Neukölln,Britz / Buckow,Britz,"-0,0714",234,4,"56,1","-4,43","10,59","2,71","7,88","6,95","0,62","4,41",,"0,069","0,041",,,
08020623,Ortolanweg,Neukölln,Britz / Buckow,Britz,"-0,0972",239,5,"57,3","4,00","8,41","2,35","6,06","4,85","2,45","4,80",,"0,089","0,063",,,
08020624,Britzer Garten,Neukölln,Britz / Buckow,Britz,x,x,x,x,x,x,x,x,x,x,x,,x,x,,,
08020625,Handwerker-Siedlung,Neukölln,Britz / Buckow,Britz,"0,5149",134,3,"32,1","15,84","9,35","3,05","6,30","4,78","0,47","3,49",,"0,072","0,042",,,
08020726,Buckow West,Neukölln,Britz / Buckow,Buckow,"0,3688",163,3,"39,1","-4,72","8,45","2,51","5,94","5,17","0,49","2,17",,"0,066","0,029",,,
08020727,Buckow Mitte,Neukölln,Britz / Buckow,Buckow,"0,3991",157,3,"37,6","5,53","7,82","2,66","5,16","3,49","0,67","2,19",,"0,055","0,037",,,
08020728,Buckow Ost,Neukölln,Britz / Buckow,Buckow,"0,0188",219,4,"52,5","3,20","9,99","2,37","7,62","6,43","0,33","5,33",,"0,058","0,030",,,
08030829,Gropiusstadt Nord,Neukölln,Gropiusstadt,Gropiusstadt,"-0,9753",340,6,"81,5","2,71","14,47","2,66","11,81","8,65","0,96","5,08",,"0,074","0,041",,,
08030830,Gropiusstadt Süd,Neukölln,Gropiusstadt,Gropiusstadt,"-0,2781",263,5,"63,1","3,48","11,63","2,41","9,22","7,28","0,83","3,26",,"0,060","0,037",,,
08030831,Gropiusstadt Ost,Neukölln,Gropiusstadt,Gropiusstadt,"-0,9976",343,6,"82,3","-0,55","14,87","2,57","12,30","9,19","0,99","3,96",,"0,081","0,040",,,
08040932,Goldhähnchenweg,Neukölln,Buckow Nord / Rudow,Buckow Nord,"0,1626",196,4,"47,0","8,41","9,31","2,41","6,90","5,91","0,66","2,82",,"0,052","0,027",,,
08040933,Vogelviertel Süd,Neukölln,Buckow Nord / Rudow,Buckow Nord,"0,5925",124,3,"29,7","0,81","7,31","2,52","4,79","4,55","0,39","1,92",,"0,057","0,039",,,
08040934,Vogelviertel Nord,Neukölln,Buckow Nord / Rudow,Buckow Nord,"0,4666",142,3,"34,1","-1,05","8,25","2,44","5,81","3,67","0,46","1,65",,"0,062","0,034",,,
08041035,Blumenviertel,Neukölln,Buckow Nord / Rudow,Rudow,"1,2413",51,1,"12,2","5,54","5,13","2,29","2,84","2,02","0,14","0,94",,"0,057","0,029",,,
08041036,Zittauer Straße,Neukölln,Buckow Nord / Rudow,Rudow,"1,0625",73,2,"17,5","6,37","5,53","2,41","3,12","2,30","0,27","0,81",,"0,038","0,034",,,
08041037,Alt-Rudow,Neukölln,Buckow Nord / Rudow,Rudow,"0,7605",106,2,"25,4","-0,58","6,81","2,67","4,14","3,00","0,45","2,05",,"0,052","0,032",,,
08041038,Waßmannsdorfer Chaussee,Neukölln,Buckow Nord / Rudow,Rudow,"1,1570",58,1,"13,9","2,32","4,81","2,34","2,46","2,18","0,23","2,11",,"0,053","0,032",,,
08041039,Frauenviertel,Neukölln,Buckow Nord / Rudow,Rudow,"-0,4870",288,5,"69,1","3,52","10,27","2,63","7,64","5,45","1,08","1,61",,"0,073","0,072",,,
08041040,Waltersdorfer Chaussee Ost,Neukölln,Buckow Nord / Rudow,Rudow,"0,3402",170,3,"40,8","2,55","7,83","2,42","5,41","3,69","0,40","2,85",,"0,056","0,027",,,
09010101,Elsenstr.,Treptow-Köpenick,Treptow-Köpenick 1,Alt Treptow,"-0,3145",268,5,"64,3","1,23","12,31","2,58","9,73","2,87","0,64","2,97",,"0,076","0,035",,,
09010102,Am Treptower Park Nord,Treptow-Köpenick,Treptow-Köpenick 1,Alt Treptow,x,x,x,x,x,x,x,x,x,x,x,,x,x,,,
09010201,Am Treptower Park Süd,Treptow-Köpenick,Treptow-Köpenick 1,Plänterwald,"0,7473",109,2,"26,1","-0,78","7,04","2,09","4,95","1,77","0,36","0,98",,"0,057","0,034",,,
09010202,Köpenicker Landstraße,Treptow-Köpenick,Treptow-Köpenick 1,Plänterwald,"0,1848",193,4,"46,3","-3,89","11,01","2,75","8,27","3,88","0,71","1,40",,"0,079","0,032",,,
09010301,Baumschulenstraße,Treptow-Köpenick,Treptow-Köpenick 1,Baumschulenweg,"0,2931",175,3,"42,0","-3,14","9,91","2,38","7,53","3,15","0,64","1,12",,"0,072","0,027",,,
09010302,Späthsfelde,Treptow-Köpenick,Treptow-Köpenick 1,Baumschulenweg,"1,0250",74,2,"17,7","7,81","5,19","3,01","2,18","0,95","0,39","0,41",,"0,081","0,031",,,
09010401,Johannisthal West,Treptow-Köpenick,Treptow-Köpenick 1,Johannisthal,"0,8018",101,2,"24,2","-3,43","7,67","2,84","4,83","3,46","0,52","0,92",,"0,077","0,023",,,
09010402,Johannisthal Ost,Treptow-Köpenick,Treptow-Köpenick 1,Johannisthal,"0,5095",135,3,"32,4","8,33","8,26","2,81","5,46","2,27","0,63","1,66",,"0,061","0,044",,,
09020501,Oberschöneweide West,Treptow-Köpenick,Treptow-Köpenick 2,Oberschöneweide,"-1,1603",360,7,"86,3","-7,22","17,83","3,23","14,60","5,30","1,13","4,13",,"0,096","0,043",,,
09020502,Oberschöneweide Ost,Treptow-Köpenick,Treptow-Köpenick 2,Oberschöneweide,"-0,5388",292,5,"70,0","-6,06","13,32","2,55","10,77","3,80","0,73","2,89",,"0,093","0,050",,,
09020601,Schnellerstr,Treptow-Köpenick,Treptow-Köpenick 2,Niederschöneweide,"-0,6142",305,6,"73,1","-9,01","12,76","2,96","9,79","4,54","0,26","1,21",,"0,136","0,047",,,
09020602,Oberspree,Treptow-Köpenick,Treptow-Köpenick 2,Niederschöneweide,"1,1339",66,2,"15,8","0,70","5,53","2,33","3,20","1,14","0,19","0,28",,"0,056","0,020",,,
09020701,Adlershof West,Treptow-Köpenick,Treptow-Köpenick 2,Adlershof,x,x,x,x,x,x,x,x,x,x,x,,x,x,,,
09020702,Adlershof Ost,Treptow-Köpenick,Treptow-Köpenick 2,Adlershof,"0,3654",164,3,"39,3","-3,96","9,46","2,41","7,06","3,33","0,68","1,74",,"0,068","0,032",,,
09020801,Spindlersfeld,Treptow-Köpenick,Treptow-Köpenick 2,Kölln. Vorstadt / Spindlersfeld,"0,3483",168,3,"40,3","-4,07","9,05","2,18","6,86","2,80","1,13","1,66",,"0,098","0,032",,,
09020802,Kölln. Vorstadt,Treptow-Köpenick,Treptow-Köpenick 2,Kölln. Vorstadt / Spindlersfeld,"-0,3314",271,5,"65,0","0,82","12,15","2,69","9,46","4,24","0,70","2,30",,"0,077","0,044",,,
09030901,Dorf Altglienicke,Treptow-Köpenick,Treptow-Köpenick 3,Altglienicke,"1,1359",64,2,"15,3","3,95","5,34","2,79","2,55","0,72","0,25","0,58",,"0,047","0,030",,,
09030902,Wohngebiet II,Treptow-Köpenick,Treptow-Köpenick 3,Altglienicke,"-0,8393",324,6,"77,7","-1,34","15,07","2,78","12,28","4,07","0,70","4,46",,"0,100","0,040",,,
09030903,Kölner Viertel,Treptow-Köpenick,Treptow-Köpenick 3,Altglienicke,"-0,0323",224,4,"53,7","2,14","9,19","2,83","6,36","2,16","0,57","4,34",,"0,076","0,033",,,
09031001,Bohnsdorf,Treptow-Köpenick,Treptow-Köpenick 3,Bohnsdorf,"1,1447",62,2,"14,9","13,62","5,91","2,79","3,12","1,00","0,23","0,57",,"0,057","0,029",,,
09031101,Grünau,Treptow-Köpenick,Treptow-Köpenick 3,Grünau,"1,2825",49,1,"11,8","0,88","5,85","2,50","3,35","1,54","0,25","0,69",,"0,043","0,024",,,
09031201,Karolinenhof,Treptow-Köpenick,Treptow-Köpenick 3,Schmöckwitz / Karolinenhof / Rauchfangswerder,"1,4575",29,1,"7,0","7,32","3,89","2,32","1,57","0,00","0,17","0,49",,"0,010","0,038",,,
09031202,Schmöckw./Rauchf.-werder,Treptow-Köpenick,Treptow-Köpenick 3,Schmöckwitz / Karolinenhof / Rauchfangswerder,"1,5719",11,1,"2,6","6,74","4,99","2,25","2,74","1,53","0,20","0,63",,"0,042","0,021",,,
09041301,Kietzer Feld/Nachtheide,Treptow-Köpenick,Treptow-Köpenick 4,Köpenick-Süd,"0,7420",110,2,"26,4","1,40","8,54","3,17","5,37","2,27","0,43","0,95",,"0,059","0,026",,,
09041302,Wendenschloß,Treptow-Köpenick,Treptow-Köpenick 4,Köpenick-Süd,"1,5593",13,1,"3,1","15,22","4,24","2,21","2,04","0,00","0,27","0,00",,"0,056","0,035",,,
09041401,Allende I,Treptow-Köpenick,Treptow-Köpenick 4,Allende-Viertel,"0,5819",127,3,"30,5","-2,16","6,98","2,74","4,24","2,11","1,14","0,72",,"0,048","0,036",,,
09041402,Allende II,Treptow-Köpenick,Treptow-Köpenick 4,Allende-Viertel,"0,4006",155,3,"37,2","13,51","8,03","3,31","4,72","1,86","0,30","2,65",,"0,045","0,045",,,
09041501,Altstadt-Kietz,Treptow-Köpenick,Treptow-Köpenick 4,Altstadt-Kietz,"-0,5127",290,5,"69,5","-1,83","12,20","2,72","9,49","3,69","0,90","4,11",,"0,069","0,027",,,
09041601,Müggelheim,Treptow-Köpenick,Treptow-Köpenick 4,Müggelheim,"1,4688",26,1,"6,2","8,00","5,11","2,53","2,58","1,04","0,19","0,75",,"0,052","0,024",,,
09051701,Hirschgarten,Treptow-Köpenick,Treptow-Köpenick 5,Friedrichshagen,"1,1452",61,2,"14,6","0,86","6,82","2,61","4,21","0,00","0,50","1,47",,"0,027","0,024",,,
09051702,Bölschestraße,Treptow-Köpenick,Treptow-Köpenick 5,Friedrichshagen,"1,1353",65,2,"15,6","4,01","6,26","2,58","3,67","0,97","0,36","0,89",,"0,040","0,022",,,
09051801,Rahnsdorf/Hessenwinkel,Treptow-Köpenick,Treptow-Köpenick 5,Rahnsdorf / Hessenwinkel,"1,5032",19,1,"4,6","5,37","4,09","2,06","2,03","0,67","0,31","0,50",,"0,036","0,026",,,
09051901,Dammvorstadt,Treptow-Köpenick,Treptow-Köpenick 5,Dammvorstadt,"0,1615",197,4,"47,2","-4,00","9,73","2,63","7,10","3,48","0,45","1,77",,"0,065","0,048",,,
09052001,Köpenick-Nord,Treptow-Köpenick,Treptow-Köpenick 5,Köpenick -Nord,"0,9928",80,2,"19,2","8,02","7,66","2,79","4,86","1,45","0,48","0,93",,"0,063","0,029",,,
10010101,Marzahn-West,Marzahn-Hellersdorf,Marzahn,Marzahn-Nord,"-1,2922",369,7,"88,5","8,16","20,78","2,94","17,83","8,34","0,55","5,53",,"0,100","0,024",,,
10010102,Havemannstr.,Marzahn-Hellersdorf,Marzahn,Marzahn-Nord,"-1,6491",386,7,"92,6","1,05","20,08","3,39","16,68","8,49","0,56","9,79",,"0,089","0,044",,,
10010203,Gewerbegeb. Bitterfelder Str.,Marzahn-Hellersdorf,Marzahn,Marzahn-Mitte,x,x,x,x,x,x,x,x,x,x,x,,x,x,,,
10010204,Wuhletalstr.,Marzahn-Hellersdorf,Marzahn,Marzahn-Mitte,"-1,2696",368,7,"88,2","1,50","19,51","4,00","15,51","6,59","0,49","5,70",,"0,071","0,031",,,
10010205,Marzahn-Ost,Marzahn-Hellersdorf,Marzahn,Marzahn-Mitte,"-1,0520",356,6,"85,4","-8,50","17,29","3,90","13,39","8,06","0,42","3,98",,"0,080","0,030",,,
10010206,Ringkolonnaden,Marzahn-Hellersdorf,Marzahn,Marzahn-Mitte,"-1,0104",348,6,"83,5","-4,86","17,18","3,92","13,25","7,47","0,63","3,47",,"0,076","0,036",,,
10010207,Marzahner Promenade,Marzahn-Hellersdorf,Marzahn,Marzahn-Mitte,"-0,6920",312,6,"74,8","7,22","14,83","3,88","10,95","7,82","0,82","2,81",,"0,067","0,054",,,
10010308,Marzahner Chaussee,Marzahn-Hellersdorf,Marzahn,Marzahn-Süd,"1,2216",53,1,"12,7","2,50","6,59","3,16","3,43","3,30","0,00","0,54",,"0,029","0,027",,,
10010309,Springpfuhl,Marzahn-Hellersdorf,Marzahn,Marzahn-Süd,"-0,6087",304,6,"72,9","1,87","14,73","3,47","11,26","5,85","0,85","2,17",,"0,071","0,039",,,
10010310,Alt-Marzahn,Marzahn-Hellersdorf,Marzahn,Marzahn-Süd,"-0,1644",248,5,"59,5","2,93","12,61","3,74","8,87","4,82","0,61","2,08",,"0,056","0,023",,,
10010311,Landsberger Tor,Marzahn-Hellersdorf,Marzahn,Marzahn-Süd,"0,0454",215,4,"51,6","17,76","9,44","2,79","6,65","3,68","0,89","1,98",,"0,112","0,028",,,
10020412,Alte Hellersdorfer Straße,Marzahn-Hellersdorf,Hellersdorf,Hellersdorf-Nord,"-2,1999",412,7,"98,8","-0,44","22,61","3,51","19,10","8,32","1,00","7,16",,"0,098","0,056",,,
10020413,Gut Hellersdorf,Marzahn-Hellersdorf,Hellersdorf,Hellersdorf-Nord,"-1,0269",351,6,"84,2","-2,10","18,09","3,61","14,47","7,14","0,66","3,77",,"0,095","0,038",,,
10020414,Helle Mitte,Marzahn-Hellersdorf,Hellersdorf,Hellersdorf-Nord,"-2,0070",404,7,"96,9","6,40","25,47","2,43","23,03","8,31","0,70","9,91",,"0,068","0,045",,,
10020415,Hellersdorfer Promenade,Marzahn-Hellersdorf,Hellersdorf,Hellersdorf-Nord,"-1,3770",374,7,"89,7","-1,61","20,83","3,38","17,45","6,27","0,75","4,70",,"0,067","0,051",,,
10020416,Böhlener Str.,Marzahn-Hellersdorf,Hellersdorf,Hellersdorf-Nord,"-1,5877",384,7,"92,1","-0,38","19,91","3,62","16,29","7,58","0,93","2,12",,"0,136","0,031",,,
10020517,Adele-Sandrock-Str.,Marzahn-Hellersdorf,Hellersdorf,Hellersdorf-Ost,"0,0392",217,4,"52,0","-0,35","11,40","3,59","7,81","3,67","0,61","2,16",,"0,113","0,029",,,
10020518,Schleipfuhl,Marzahn-Hellersdorf,Hellersdorf,Hellersdorf-Ost,"-0,9791",341,6,"81,8","8,87","16,86","3,18","13,68","5,28","0,36","2,96",,"0,104","0,039",,,
10020519,Boulevard Kastanienallee,Marzahn-Hellersdorf,Hellersdorf,Hellersdorf-Ost,"-1,4496",377,7,"90,4","5,11","20,74","2,72","18,02","8,72","0,79","5,14",,"0,102","0,028",,,
10020620,Kaulsdorf-Nord II,Marzahn-Hellersdorf,Hellersdorf,Hellersdorf-Süd,"-0,5280",291,5,"69,8","-7,41","15,52","3,00","12,52","6,08","0,92","5,73",,"0,078","0,035",,,
10020621,Gelbes Viertel,Marzahn-Hellersdorf,Hellersdorf,Hellersdorf-Süd,"-1,5038",378,7,"90,6","-4,34","18,07","3,56","14,51","6,82","0,76","5,88",,"0,081","0,059",,,
10020622,Kaulsdorf-Nord I,Marzahn-Hellersdorf,Hellersdorf,Hellersdorf-Süd,"-0,3412",272,5,"65,2","1,41","13,29","3,73","9,55","4,39","0,40","2,68",,"0,061","0,041",,,
10020623,Rotes Viertel,Marzahn-Hellersdorf,Hellersdorf,Hellersdorf-Süd,"-0,0581",230,4,"55,2","0,49","12,14","3,80","8,35","3,20","0,44","2,41",,"0,071","0,039",,,
10030724,Oberfeldstr.,Marzahn-Hellersdorf,Biesdorf,Biesdorf,"1,4979",21,1,"5,0","6,28","3,68","2,22","1,46","0,62","0,21","0,34",,"0,047","0,036",,,
10030725,Buckower Ring,Marzahn-Hellersdorf,Biesdorf,Biesdorf,"-0,3709",275,5,"65,9","-8,42","13,89","3,24","10,65","5,89","0,95","4,46",,"0,076","0,034",,,
10030726,Alt-Biesdorf,Marzahn-Hellersdorf,Biesdorf,Biesdorf,"1,1091",68,2,"16,3","3,66","5,01","2,28","2,73","1,04","0,67","0,49",,"0,102","0,039",,,
10030727,Biesdorf-Süd,Marzahn-Hellersdorf,Biesdorf,Biesdorf,"1,4798",23,1,"5,5","8,57","4,27","2,56","1,71","0,60","0,14","0,32",,"0,034","0,018",,,
10040828,Kaulsdorf-Nord,Marzahn-Hellersdorf,Kaulsdorf,Kaulsdorf,"1,1199",67,2,"16,1","8,99","6,34","2,60","3,75","1,97","0,30","0,30",,"0,068","0,035",,,
10040829,Alt-Kaulsdorf,Marzahn-Hellersdorf,Kaulsdorf,Kaulsdorf,"1,0822",71,2,"17,0","7,05","6,34","2,69","3,65","2,05","0,08","0,81",,"0,048","0,032",,,
10040830,Kaulsdorf-Süd,Marzahn-Hellersdorf,Kaulsdorf,Kaulsdorf,"1,2906",47,1,"11,3","8,85","5,19","2,84","2,36","1,04","0,21","0,65",,"0,045","0,030",,,
10040931,Mahlsdorf-Nord,Marzahn-Hellersdorf,Mahlsdorf,Mahlsdorf,"1,3753",39,1,"9,4","4,56","4,57","2,40","2,17","0,49","0,41","0,69",,"0,039","0,020",,,
10040932,Alt-Mahlsdorf,Marzahn-Hellersdorf,Mahlsdorf,Mahlsdorf,"1,0964",69,2,"16,5","5,71","5,79","2,36","3,43","1,41","0,37","0,16",,"0,042","0,032",,,
10040933,Mahlsdorf-Süd,Marzahn-Hellersdorf,Mahlsdorf,Mahlsdorf,"1,3615",42,1,"10,1","9,88","4,72","2,66","2,06","0,80","0,17","0,22",,"0,042","0,020",,,
11010101,Dorf Malchow,Lichtenberg,Hohenschönhausen-Nord,"Malchow, Wartenberg",x,x,x,x,x,x,x,x,x,x,x,,x,x,,,
11010102,Dorf Wartenberg,Lichtenberg,Hohenschönhausen-Nord,"Malchow, Wartenberg","1,4419",32,1,"7,7","12,00","4,53","2,78","1,75","0,87","0,22","0,00",,"0,058","0,035",,,
11010103,Dorf Falkenberg,Lichtenberg,Hohenschönhausen-Nord,"Malchow, Wartenberg",x,x,x,x,x,x,x,x,x,x,x,,x,x,,,
11010204,Falkenberg Ost,Lichtenberg,Hohenschönhausen-Nord,Neu-Hohenschönhausen Nord,"-0,9425",337,6,"80,8","1,58","16,68","3,07","13,61","6,35","0,63","5,10",,"0,075","0,037",,,
11010205,Falkenberg West,Lichtenberg,Hohenschönhausen-Nord,Neu-Hohenschönhausen Nord,"-0,9047",335,6,"80,3","-1,61","15,10","3,09","12,01","5,80","0,59","4,13",,"0,065","0,056",,,
11010206,Wartenberg Süd,Lichtenberg,Hohenschönhausen-Nord,Neu-Hohenschönhausen Nord,"-0,7012",314,6,"75,3","-1,18","14,81","3,02","11,79","5,00","0,57","3,46",,"0,078","0,046",,,
11010207,Wartenberg Nord,Lichtenberg,Hohenschönhausen-Nord,Neu-Hohenschönhausen Nord,"-0,8867",331,6,"79,4","-6,84","14,57","3,22","11,35","5,78","0,70","4,07",,"0,100","0,050",,,
11010308,Zingster Straße Ost,Lichtenberg,Hohenschönhausen-Nord,Neu-Hohenschönhausen Süd,"-0,4583",285,5,"68,3","5,28","13,74","3,61","10,13","5,12","0,49","2,62",,"0,052","0,039",,,
11010309,Zingster Straße West,Lichtenberg,Hohenschönhausen-Nord,Neu-Hohenschönhausen Süd,"-1,0370",354,6,"84,9","0,41","16,12","3,29","12,84","7,92","0,81","2,65",,"0,076","0,044",,,
11010310,Mühlengrund,Lichtenberg,Hohenschönhausen-Nord,Neu-Hohenschönhausen Süd,"-0,1606",245,5,"58,8","1,24","11,95","3,95","8,00","5,20","0,57","1,86",,"0,048","0,037",,,
11020411,Malchower Weg,Lichtenberg,Hohenschönhausen-Süd,Alt-Hohenschönhausen Nord,"1,0133",77,2,"18,5","-3,46","5,92","2,42","3,50","1,67","0,25","0,64",,"0,062","0,020",,,
11020412,Hauptstraße,Lichtenberg,Hohenschönhausen-Süd,Alt-Hohenschönhausen Nord,"-0,3221",270,5,"64,7","9,26","11,74","3,17","8,57","4,24","1,78","2,49",,"0,094","0,032",,,
11020513,Orankesee,Lichtenberg,Hohenschönhausen-Süd,Alt-Hohenschönhausen Süd,"1,2161",54,1,"12,9","0,70","4,58","2,67","1,91","0,74","0,27","0,17",,"0,062","0,025",,,
11020514,Große-Leege-Straße,Lichtenberg,Hohenschönhausen-Süd,Alt-Hohenschönhausen Süd,"0,2835",178,3,"42,7","-1,19","10,13","2,41","7,71","5,03","0,59","1,62",,"0,064","0,036",,,
11020515,Landsberger Allee,Lichtenberg,Hohenschönhausen-Süd,Alt-Hohenschönhausen Süd,"-0,4187",279,5,"66,9","1,33","13,06","3,40","9,66","6,18","0,55","2,09",,"0,068","0,043",,,
11020516,Weiße Taube,Lichtenberg,Hohenschönhausen-Süd,Alt-Hohenschönhausen Süd,"0,7023",113,2,"27,1","-5,94","6,97","2,86","4,11","1,16","0,39","0,61",,"0,044","0,020",,,
11030617,Hohenschönhausener Str.,Lichtenberg,Lichtenberg Nord,Fennpfuhl,"-0,8812",328,6,"78,7","-9,58","14,66","2,91","11,75","8,06","0,68","1,90",,"0,091","0,033",,,
11030618,Fennpfuhl West,Lichtenberg,Lichtenberg Nord,Fennpfuhl,"-0,0609",231,4,"55,4","4,21","11,78","3,21","8,57","3,98","0,66","2,20",,"0,065","0,038",,,
11030619,Fennpfuhl Ost,Lichtenberg,Lichtenberg Nord,Fennpfuhl,"-0,4754",287,5,"68,8","8,27","13,47","2,54","10,93","8,09","0,90","2,41",,"0,073","0,044",,,
11030720,Herzbergstraße,Lichtenberg,Lichtenberg Nord,Alt-Lichtenberg,"0,3834",161,3,"38,6","-7,00","6,28","0,92","5,36","3,17","0,48","3,14",,"0,019","0,036",,,
11030721,Rüdigerstraße,Lichtenberg,Lichtenberg Nord,Alt-Lichtenberg,"-0,2939",266,5,"63,8","2,65","13,03","2,50","10,53","5,82","0,71","2,08",,"0,092","0,036",,,
11030824,Frankfurter Allee Süd,Lichtenberg,Lichtenberg Nord,Frankfurter Allee Süd,"-0,4257",282,5,"67,6","2,48","12,42","2,78","9,64","4,16","0,55","1,90",,"0,072","0,042",,,
11040925,Victoriastadt,Lichtenberg,Lichtenberg Mitte,Neu Lichtenberg,"-0,9100",336,6,"80,6","-4,05","13,81","2,31","11,50","5,88","0,57","9,30",,"0,105","0,050",,,
11040926,Weitlingstraße,Lichtenberg,Lichtenberg Mitte,Neu Lichtenberg,"-0,5666",298,5,"71,5","-3,15","14,20","2,97","11,23","6,95","0,57","2,54",,"0,074","0,039",,,
11041022,Rosenfelder Ring,Lichtenberg,Lichtenberg Mitte,Friedrichsfelde Nord,"-0,8629",327,6,"78,4","1,14","16,49","3,16","13,33","7,97","1,35","2,07",,"0,117","0,032",,,
11041023,Gensinger Straße,Lichtenberg,Lichtenberg Mitte,Friedrichsfelde Nord,"-0,6614",308,6,"73,9","-1,47","15,10","2,75","12,36","7,15","0,64","3,77",,"0,057","0,026",,,
11041027,Tierpark,Lichtenberg,Lichtenberg Mitte,Friedrichsfelde Nord,"-0,8840",329,6,"78,9","0,00","17,91","3,03","14,88","9,44","0,43","3,84",,"0,090","0,025",,,
11041128,Sewanstraße,Lichtenberg,Lichtenberg Mitte,Friedrichsfelde Süd,"0,0908",208,4,"49,9","0,69","11,00","2,69","8,31","4,72","0,65","1,51",,"0,059","0,036",,,
11051229,Rummelsburg,Lichtenberg,Lichtenberg Süd,Rummelsburger Bucht,"0,0510",213,4,"51,1","13,75","10,47","2,12","8,34","8,22","0,56","0,55",,"0,109","0,040",,,
11051330,Karlhorst West,Lichtenberg,Lichtenberg Süd,Karlshorst,"0,6525",120,3,"28,8","-1,28","7,59","2,08","5,51","2,31","0,34","2,52",,"0,063","0,032",,,
11051331,Karlshorst Nord,Lichtenberg,Lichtenberg Süd,Karlshorst,"0,9004",91,2,"21,8","2,71","6,43","2,18","4,25","2,68","0,20","0,84",,"0,059","0,029",,,
11051332,Karlshorst Süd,Lichtenberg,Lichtenberg Süd,Karlshorst,"0,9122",90,2,"21,6","2,84","6,88","2,36","4,51","2,99","0,23","1,46",,"0,062","0,022",,,
12103115,Breitkopfbecken,Reinickendorf,Reinickendorf-Ost,Ost,"-1,0037",344,6,"82,5","-11,33","14,15","2,46","11,69","8,70","1,59","5,71",,"0,090","0,044",,,
12103116,Hausotterplatz,Reinickendorf,Reinickendorf-Ost,Ost,"-0,9535",338,6,"81,1","-1,24","14,70","2,66","12,04","7,75","1,01","4,76",,"0,099","0,039",,,
12103117,Letteplatz,Reinickendorf,Reinickendorf-Ost,Ost,"-1,1754",362,7,"86,8","-2,62","15,55","2,73","12,83","10,55","1,07","4,83",,"0,095","0,048",,,
12103218,Teichstraße,Reinickendorf,Reinickendorf-Ost,Ost,"-0,8052",322,6,"77,2","-8,20","13,09","2,55","10,54","7,08","1,17","5,00",,"0,106","0,050",,,
12103219,Schäfersee,Reinickendorf,Reinickendorf-Ost,Ost,"-0,4668",286,5,"68,6","4,22","12,62","2,71","9,91","7,73","0,86","3,08",,"0,076","0,041",,,
12103220,Humboldtstraße,Reinickendorf,Reinickendorf-Ost,Ost,"-0,2871",264,5,"63,3","-9,55","11,59","2,27","9,32","4,40","0,88","2,95",,"0,110","0,061",,,
12214421,Reinickes Hof,Reinickendorf,Tegel,West 1,"-0,4255",281,5,"67,4","-17,72","13,11","3,28","9,83","3,59","0,83","1,79",,"0,096","0,048",,,
12214422,Klixstr.,Reinickendorf,Tegel,West 1,"-1,5668",382,7,"91,6","-2,05","17,16","2,75","14,41","8,77","1,16","8,47",,"0,082","0,052",,,
12214423,Mellerbogen,Reinickendorf,Tegel,West 1,"-0,0929",237,4,"56,8","5,21","10,85","2,12","8,73","6,26","0,55","3,93",,"0,076","0,043",,,
12214424,Scharnweberstr.,Reinickendorf,Tegel,West 1,"-1,0081",346,6,"83,0","-3,14","15,72","2,87","12,85","8,65","0,85","4,14",,"0,077","0,041",,,
12214125,Waldidyll/Flughafensee,Reinickendorf,Tegel,West 1,"0,8774",97,2,"23,3","-6,28","6,41","2,07","4,34","3,54","0,54","1,63",,"0,094","0,034",,,
12214126,Tegel-Süd,Reinickendorf,Tegel,West 1,"-0,7454",317,6,"76,0","2,30","14,81","2,51","12,30","7,56","1,45","5,01",,"0,076","0,041",,,
12214527,Alt-Tegel,Reinickendorf,Tegel,West 1,"0,6226",122,3,"29,3","-6,43","7,63","2,29","5,34","3,41","0,81","2,46",,"0,059","0,032",,,
12214528,Tegeler Forst,Reinickendorf,Tegel,West 1,x,x,x,x,x,x,x,x,x,x,x,,x,x,,,
12224229,Konradshöhe/Tegelort,Reinickendorf,Heiligensee-Konradshöhe,West 2,"1,3530",44,1,"10,6","4,07","3,88","2,33","1,55","0,68","0,21","0,73",,"0,043","0,038",,,
12224230,Heiligensee,Reinickendorf,Heiligensee-Konradshöhe,West 2,"1,3547",43,1,"10,3","5,09","4,18","2,40","1,78","1,14","0,50","1,15",,"0,050","0,029",,,
12231101,Hermsdorf,Reinickendorf,Frohnau-Hermsdorf,Nord 1,"1,4714",25,1,"6,0","1,69","3,98","2,23","1,75","0,77","0,25","0,94",,"0,045","0,024",,,
12231102,Frohnau,Reinickendorf,Frohnau-Hermsdorf,Nord 1,"1,5332",16,1,"3,8","8,05","3,19","1,94","1,25","0,54","0,49","0,66",,"0,047","0,030",,,
12301203,Wittenau-Süd,Reinickendorf,Waidmannslust,Nord 2,"0,2424",184,4,"44,1","0,00","9,06","2,38","6,68","4,83","0,68","1,70",,"0,070","0,041",,,
12301204,Wittenau-Nord,Reinickendorf,Waidmannslust,Nord 2,"1,2348",52,1,"12,5","1,89","4,76","1,77","2,99","2,54","0,45","1,93",,"0,049","0,026",,,
12301205,Waidmannslust,Reinickendorf,Waidmannslust,Nord 2,"1,1544",60,2,"14,4","5,79","6,02","2,35","3,67","1,81","0,35","0,65",,"0,050","0,037",,,
12301206,Lübars,Reinickendorf,Waidmannslust,Nord 2,"1,2892",48,1,"11,5","2,78","4,70","2,90","1,80","0,85","0,44","1,22",,"0,032","0,026",,,
12302107,Schorfheidestr.,Reinickendorf,Waidmannslust,MV,"0,9994",79,2,"18,9","-2,08","5,37","2,07","3,31","1,78","0,16","0,16",,"0,042","0,039",,,
12302108,Märkisches Zentrum,Reinickendorf,Waidmannslust,MV,"-0,8617",326,6,"78,2","5,07","14,04","2,82","11,22","7,29","1,41","4,07",,"0,065","0,035",,,
12302109,Treuenbrietzener Str.,Reinickendorf,Waidmannslust,MV,"-1,7577",390,7,"93,5","0,39","17,29","2,56","14,73","7,83","1,34","4,54",,"0,110","0,055",,,
12302110,Dannenwalder Weg,Reinickendorf,Waidmannslust,MV,"-0,7560",318,6,"76,3","16,16","13,70","2,55","11,15","7,25","1,00","3,84",,"0,072","0,034",,,
12302211,Lübarser Straße,Reinickendorf,Waidmannslust,MV,"0,5880",125,3,"30,0","3,74","7,76","2,37","5,39","3,69","0,45","2,61",,"0,065","0,046",,,
12302212,Rollbergesiedlung,Reinickendorf,Waidmannslust,MV,"-0,8918",332,6,"79,6","-5,06","13,17","2,55","10,62","6,06","1,55","5,90",,"0,091","0,040",,,
12304313,Borsigwalde,Reinickendorf,Waidmannslust,West 3,"0,1897",192,4,"46,0","-0,42","9,66","2,56","7,09","4,54","0,55","2,74",,"0,077","0,042",,,
12304314,Ziekowstraße/Freie Scholle,Reinickendorf,Waidmannslust,West 3,"0,8964",93,2,"22,3","0,89","7,45","2,37","5,08","2,46","0,62","1,86",,"0,059","0,027",,,
